rank,player,nation,position,team,league,age,birth_year,matches_played,starts,minutes,nineties_played,goals,assists,goals_assists,goals_no_pk,penalties_scored,penalties_attempted,yellow_cards,red_cards,goals_assists_no_pk,gk_goals_against,gk_goals_against_90,gk_shots_on_target_against,gk_saves,gk_save_pct,gk_wins,gk_draws,gk_losses,gk_clean_sheets,gk_clean_sheet_pct,gk_pk_against,gk_pk_saved,gk_pk_missed,shots,shots_on_target,shots_on_target_pct,shots_per_90,shots_on_target_per_90,goals_per_shot,goals_per_shot_on_target,minutes_per_match,minutes_pct,minutes_per_start,complete_matches,substitutions_in,minutes_per_sub,unused_sub,points_per_match,team_goals_on_pitch,team_goals_against_on_pitch,goal_diff_on_pitch,goal_diff_per_90,on_off,second_yellow,fouls_committed,fouls_drawn,offsides,crosses,interceptions,tackles_won,own_goals,position_primary,goals_per_90,assists_per_90,g_a_per_90,fouls_comm_per_90,fouls_drawn_per_90,interceptions_per_90,tackles_won_per_90,crosses_per_90
35,Adrián,ES ESP,GK,Real Betis,La Liga,39.0,1987.0,1,1,90,1.0,0,0,0,0,0,0,0,0,0.0,1.0,1.0,7.0,6.0,85.7,1.0,0.0,0.0,0.0,0.0,0.0,0.0,0.0,0,0,,0.0,0.0,,,90,2.6,90.0,1,0,,34,3.0,2,1,1,1.0,0.73,0,0,0,0,0,0,0,0,GK,0.0,0.0,0.0,0.0,0.0,0.0,0.0,0.0
41,Julen Agirrezabala,ES ESP,GK,Valencia,La Liga,25.0,2000.0,18,18,1620,18.0,0,0,0,0,0,0,1,0,0.0,30.0,1.67,79.0,52.0,65.8,3.0,7.0,8.0,4.0,22.2,3.0,1.0,0.0,0,0,,0.0,0.0,,,90,47.4,90.0,18,0,,4,0.89,17,30,-13,-0.72,-0.92,0,0,1,0,0,0,1,0,GK,0.0,0.0,0.0,0.0,0.05555555555555555,0.0,0.05555555555555555,0.0
84,Alisson,BR BRA,GK,Liverpool,Premier League,33.0,1992.0,26,26,2340,26.0,0,0,0,0,0,0,1,0,0.0,31.0,1.19,86.0,57.0,66.3,13.0,8.0,5.0,8.0,30.8,2.0,0.0,0.0,0,0,,0.0,0.0,,,90,68.4,90.0,26,0,,0,1.81,44,31,13,0.5,0.75,0,1,7,0,0,0,0,0,GK,0.0,0.0,0.0,0.038461538461538464,0.2692307692307692,0.0,0.0,0.0
116,Nícolas Andrade,BR BRA,GK,Pisa,Serie A,38.0,1988.0,6,6,540,6.0,0,0,0,0,0,0,0,0,0.0,14.0,2.33,26.0,12.0,46.2,1.0,0.0,5.0,0.0,0.0,0.0,0.0,1.0,0,0,,0.0,0.0,,,90,15.8,90.0,6,0,,32,0.5,4,14,-10,-1.67,-0.57,0,0,3,0,0,0,0,0,GK,0.0,0.0,0.0,0.0,0.5,0.0,0.0,0.0
143,Alphonse Areola,FR FRA,GK,West Ham United,Premier League,33.0,1993.0,20,20,1800,20.0,0,1,1,0,0,0,0,0,0.05,37.0,1.85,108.0,76.0,70.4,4.0,5.0,11.0,0.0,0.0,5.0,0.0,1.0,0,0,,0.0,0.0,,,90,52.6,90.0,20,0,,18,0.85,25,37,-12,-0.6,-0.21,0,1,1,0,0,1,0,0,GK,0.0,0.05,0.05,0.05,0.05,0.05,0.0,0.0
146,Paul Argney,FR FRA,GK,Le Havre,Ligue 1,20.0,2006.0,1,1,90,1.0,0,0,0,0,0,0,0,0,0.0,1.0,1.0,3.0,2.0,66.7,1.0,0.0,0.0,0.0,0.0,0.0,0.0,0.0,0,0,,0.0,0.0,,,90,2.9,90.0,1,0,,3,3.0,2,1,1,1.0,1.39,0,0,0,0,0,0,0,0,GK,0.0,0.0,0.0,0.0,0.0,0.0,0.0,0.0
156,Kepa Arrizabalaga,ES ESP,GK,Arsenal,Premier League,31.0,1994.0,1,1,90,1.0,0,0,0,0,0,0,0,0,0.0,1.0,1.0,3.0,2.0,66.7,1.0,0.0,0.0,0.0,0.0,0.0,0.0,0.0,0,0,,0.0,0.0,,,90,2.6,90.0,1,0,,37,3.0,2,1,1,1.0,-0.16,0,0,0,0,0,0,0,0,GK,0.0,0.0,0.0,0.0,0.0,0.0,0.0,0.0
171,Noah Atubolu,DE GER,GK,Freiburg,Bundesliga,24.0,2002.0,34,34,3060,34.0,0,0,0,0,0,0,1,0,0.0,57.0,1.68,156.0,100.0,63.5,13.0,8.0,13.0,6.0,17.6,0.0,1.0,0.0,0,0,,0.0,0.0,,,90,100.0,90.0,34,0,,0,1.38,51,57,-6,-0.18,,0,0,6,0,0,1,0,0,GK,0.0,0.0,0.0,0.0,0.17647058823529413,0.029411764705882353,0.0,0.0
173,Emil Audero,ID IDN,GK,Cremonese,Serie A,29.0,1997.0,34,34,3060,34.0,0,0,0,0,0,0,0,0,0.0,50.0,1.47,167.0,123.0,72.5,8.0,7.0,19.0,11.0,32.4,4.0,2.0,0.0,0,0,,0.0,0.0,,,90,89.5,90.0,34,0,,2,0.91,28,50,-22,-0.65,0.1,0,0,6,0,0,0,0,0,GK,0.0,0.0,0.0,0.0,0.17647058823529413,0.0,0.0,0.0
186,Mio Backhaus,DE GER,GK,Werder Bremen,Bundesliga,22.0,2004.0,32,32,2880,32.0,0,0,0,0,0,0,1,0,0.0,56.0,1.75,151.0,100.0,66.2,7.0,8.0,17.0,5.0,15.6,5.0,0.0,0.0,0,0,,0.0,0.0,,,90,94.1,90.0,32,0,,0,0.91,36,56,-20,-0.62,0.87,0,0,13,0,0,0,0,1,GK,0.0,0.0,0.0,0.0,0.40625,0.0,0.0,0.0
240,Augusto Batalla,AR ARG,GK,Rayo Vallecano,La Liga,30.0,1996.0,34,34,3060,34.0,0,0,0,0,0,0,6,0,0.0,37.0,1.09,122.0,91.0,73.8,10.0,13.0,11.0,11.0,32.4,5.0,1.0,0.0,0,0,,0.0,0.0,,,90,89.5,90.0,34,0,,2,1.31,36,37,-1,-0.03,0.47,0,1,4,0,0,0,1,0,GK,0.0,0.0,0.0,0.029411764705882353,0.11764705882352941,0.0,0.029411764705882353,0.0
243,Daniel Batz,DE GER,GK,Mainz 05,Bundesliga,35.0,1991.0,21,21,1890,21.0,0,0,0,0,0,0,2,0,0.0,27.0,1.29,96.0,70.0,72.9,9.0,7.0,5.0,4.0,19.0,1.0,0.0,0.0,0,0,,0.0,0.0,,,90,61.8,90.0,21,0,,4,1.62,32,27,5,0.24,1.32,0,0,1,0,0,0,0,0,GK,0.0,0.0,0.0,0.0,0.047619047619047616,0.0,0.0,0.0
245,Oliver Baumann,DE GER,GK,Hoffenheim,Bundesliga,35.0,1990.0,34,34,3060,34.0,0,0,0,0,0,0,3,0,0.0,52.0,1.53,145.0,98.0,67.6,18.0,7.0,9.0,7.0,20.6,5.0,0.0,2.0,0,0,,0.0,0.0,,,90,100.0,90.0,34,0,,0,1.79,65,52,13,0.38,,0,1,6,0,0,1,0,0,GK,0.0,0.0,0.0,0.029411764705882353,0.17647058823529413,0.029411764705882353,0.0,0.0
247,Altay Bayındır,TR TUR,GK,Manchester Utd,Premier League,28.0,1998.0,6,6,540,6.0,0,0,0,0,0,0,0,0,0.0,11.0,1.83,24.0,13.0,54.2,2.0,1.0,3.0,0.0,0.0,0.0,0.0,0.0,0,0,,0.0,0.0,,,90,15.8,90.0,6,0,,32,1.17,7,11,-4,-0.67,-1.39,0,0,3,0,0,0,0,0,GK,0.0,0.0,0.0,0.0,0.5,0.0,0.0,0.0
283,Walter Benítez,AR ARG,GK,Crystal Palace,Premier League,33.0,1993.0,1,1,90,1.0,0,0,0,0,0,0,0,0,0.0,0.0,0.0,3.0,3.0,100.0,0.0,1.0,0.0,1.0,100.0,0.0,0.0,1.0,0,0,,0.0,0.0,,,90,2.6,90.0,1,0,,35,1.0,0,0,0,0.0,0.27,0,0,0,0,0,0,0,0,GK,0.0,0.0,0.0,0.0,0.0,0.0,0.0,0.0
289,Daniel Bentley,ENG ENG,GK,Wolves,Premier League,32.0,1993.0,3,3,270,3.0,0,0,0,0,0,0,0,0,0.0,7.0,2.33,13.0,7.0,53.8,0.0,1.0,2.0,0.0,0.0,1.0,0.0,0.0,0,0,,0.0,0.0,,,90,7.9,90.0,3,0,,6,0.33,1,7,-6,-2.0,-1.0,0,0,2,0,0,0,0,0,GK,0.0,0.0,0.0,0.0,0.6666666666666666,0.0,0.0,0.0
295,Lucas Bergström,FI FIN,GK,Mallorca,La Liga,23.0,2002.0,5,5,450,5.0,0,0,0,0,0,0,1,0,0.0,7.0,1.4,22.0,15.0,68.2,1.0,2.0,2.0,2.0,40.0,0.0,0.0,0.0,0,0,,0.0,0.0,,,90,13.2,90.0,5,0,,22,1.0,4,7,-3,-0.6,-0.39,0,0,0,0,0,0,0,0,GK,0.0,0.0,0.0,0.0,0.0,0.0,0.0,0.0
314,Justin Bijlow,NL NED,GK,Genoa,Serie A,28.0,1998.0,16,16,1395,15.5,0,0,0,0,0,0,1,0,0.0,20.0,1.29,60.0,45.0,75.0,6.0,3.0,7.0,5.0,31.3,5.0,0.0,0.0,0,0,,0.0,0.0,,,87,40.8,87.0,15,0,,1,1.31,19,20,-1,-0.06,0.34,0,1,1,0,0,0,0,0,GK,0.0,0.0,0.0,0.06451612903225806,0.06451612903225806,0.0,0.0,0.0
322,Marco Bizot,NL NED,GK,Aston Villa,Premier League,35.0,1991.0,7,6,585,6.5,0,0,0,0,0,0,2,0,0.0,10.0,1.54,28.0,19.0,67.9,3.0,2.0,1.0,2.0,33.3,1.0,0.0,0.0,0,0,,0.0,0.0,,,84,17.1,90.0,6,1,45.0,30,1.71,10,10,0,0.0,-0.22,0,1,1,0,0,0,0,0,GK,0.0,0.0,0.0,0.15384615384615385,0.15384615384615385,0.0,0.0,0.0
325,Janis Blaswich,DE GER,GK,Leverkusen,Bundesliga,35.0,1991.0,11,10,931,10.3,0,0,0,0,0,0,1,0,0.0,9.0,0.87,50.0,41.0,82.0,5.0,4.0,1.0,3.0,30.0,0.0,0.0,0.0,0,0,,0.0,0.0,,,85,30.4,90.0,10,1,31.0,21,1.73,17,9,8,0.77,0.22,0,0,0,0,0,0,0,0,GK,0.0,0.0,0.0,0.0,0.0,0.0,0.0,0.0
331,Arnaud Bodart,BE BEL,GK,Lille,Ligue 1,28.0,1998.0,3,2,226,2.5,0,0,0,0,0,0,0,0,0.0,3.0,1.19,6.0,4.0,66.7,0.0,0.0,2.0,0.0,0.0,1.0,0.0,0.0,0,0,,0.0,0.0,,,75,7.4,90.0,2,1,46.0,31,1.0,2,3,-1,-0.4,-0.91,0,1,0,0,0,0,0,0,GK,0.0,0.0,0.0,0.4,0.0,0.0,0.0,0.0
414,Jean Butez,FR FRA,GK,Como,Serie A,30.0,1995.0,38,38,3420,38.0,0,1,1,0,0,0,3,0,0.03,29.0,0.76,110.0,86.0,78.2,20.0,11.0,7.0,19.0,50.0,5.0,1.0,0.0,0,0,,0.0,0.0,,,90,100.0,90.0,38,0,,0,1.87,65,29,36,0.95,,0,0,9,0,0,0,2,0,GK,0.0,0.02631578947368421,0.02631578947368421,0.0,0.23684210526315788,0.0,0.05263157894736842,0.0
461,Elia Caprile,IT ITA,GK,Cagliari,Serie A,24.0,2001.0,38,38,3420,38.0,0,0,0,0,0,0,2,0,0.0,53.0,1.39,173.0,121.0,70.5,11.0,10.0,17.0,8.0,21.1,2.0,0.0,0.0,0,0,,0.0,0.0,,,90,100.0,90.0,38,0,,0,1.13,40,53,-13,-0.34,,0,0,8,0,0,0,0,0,GK,0.0,0.0,0.0,0.0,0.21052631578947367,0.0,0.0,0.0
467,Dani Cárdenas,ES ESP,GK,Rayo Vallecano,La Liga,29.0,1997.0,4,4,360,4.0,0,0,0,0,0,0,0,0,0.0,7.0,1.75,24.0,19.0,75.0,2.0,1.0,1.0,1.0,25.0,1.0,1.0,0.0,0,0,,0.0,0.0,,,90,10.5,90.0,4,0,,31,1.75,6,7,-1,-0.25,-0.19,0,0,0,0,0,0,1,0,GK,0.0,0.0,0.0,0.0,0.0,0.0,0.25,0.0
475,Patrik Carlgren,SE SWE,GK,Nantes,Ligue 1,34.0,1992.0,3,2,182,2.0,0,0,0,0,0,0,0,0,0.0,2.0,0.99,13.0,11.0,84.6,1.0,1.0,0.0,1.0,50.0,0.0,0.0,0.0,0,0,,0.0,0.0,,,61,6.1,90.0,2,1,2.0,31,1.33,4,1,3,1.48,2.32,0,0,1,0,0,0,0,0,GK,0.0,0.0,0.0,0.0,0.5,0.0,0.0,0.0
480,Marco Carnesecchi,IT ITA,GK,Atalanta,Serie A,25.0,2000.0,37,37,3330,37.0,0,0,0,0,0,0,0,0,0.0,35.0,0.95,144.0,112.0,77.1,15.0,13.0,9.0,13.0,35.1,2.0,2.0,0.0,0,0,,0.0,0.0,,,90,97.4,90.0,37,0,,1,1.57,50,35,15,0.41,0.41,0,1,6,0,1,0,0,0,GK,0.0,0.0,0.0,0.02702702702702703,0.16216216216216217,0.0,0.0,0.02702702702702703
533,Lucas Chevalier,FR FRA,GK,Paris Saint-Germain,Ligue 1,24.0,2001.0,17,17,1530,17.0,0,0,0,0,0,0,0,0,0.0,13.0,0.76,43.0,32.0,72.1,12.0,3.0,2.0,9.0,52.9,1.0,1.0,1.0,0,0,,0.0,0.0,,,90,50.0,90.0,17,0,,12,2.29,33,13,20,1.18,-0.29,0,0,1,0,0,0,0,0,GK,0.0,0.0,0.0,0.0,0.058823529411764705,0.0,0.0,0.0
540,Oliver Christensen,DK DEN,GK,Fiorentina,Serie A,27.0,1999.0,1,1,86,1.0,0,0,0,0,0,0,0,0,0.0,1.0,1.05,7.0,6.0,85.7,0.0,1.0,0.0,0.0,0.0,0.0,0.0,0.0,0,0,,0.0,0.0,,,86,2.5,86.0,0,0,,19,1.0,1,1,0,0.0,0.24,0,0,1,0,0,0,0,0,GK,0.0,0.0,0.0,0.0,1.0,0.0,0.0,0.0
571,Nikita Contini Baranovsky,IT ITA,GK,Napoli,Serie A,30.0,1996.0,1,0,11,0.1,0,0,0,0,0,0,0,0,0.0,0.0,0.0,0.0,0.0,,0.0,0.0,0.0,1.0,,0.0,0.0,0.0,0,0,,0.0,0.0,,,11,0.3,,0,1,11.0,31,3.0,0,0,0,0.0,-0.58,0,0,0,0,0,0,0,0,GK,0.0,0.0,0.0,0.0,0.0,0.0,0.0,0.0
585,Edoardo Corvi,IT ITA,GK,Parma,Serie A,25.0,2001.0,17,17,1530,17.0,0,0,0,0,0,0,1,0,0.0,18.0,1.06,60.0,44.0,75.0,8.0,4.0,5.0,7.0,41.2,3.0,0.0,0.0,0,0,,0.0,0.0,,,90,44.7,90.0,17,0,,21,1.65,14,18,-4,-0.24,0.43,0,0,5,0,0,0,0,0,GK,0.0,0.0,0.0,0.0,0.29411764705882354,0.0,0.0,0.0
591,Grégoire Coudert,FR FRA,GK,Brest,Ligue 1,27.0,1999.0,25,24,2192,24.4,0,0,0,0,0,0,2,0,0.0,40.0,1.64,112.0,76.0,67.0,9.0,5.0,10.0,6.0,25.0,3.0,1.0,0.0,0,0,,0.0,0.0,,,88,71.6,90.0,24,1,32.0,9,1.28,34,40,-6,-0.25,0.38,0,1,8,0,0,0,0,0,GK,0.0,0.0,0.0,0.04098360655737705,0.3278688524590164,0.0,0.0,0.0
601,Thibaut Courtois,BE BEL,GK,Real Madrid,La Liga,34.0,1992.0,32,32,2880,32.0,0,0,0,0,0,0,1,0,0.0,28.0,0.87,94.0,70.0,74.5,24.0,3.0,5.0,13.0,40.6,4.0,0.0,0.0,0,0,,0.0,0.0,,,90,84.2,90.0,32,0,,0,2.34,67,28,39,1.22,0.72,0,1,2,0,0,0,1,0,GK,0.0,0.0,0.0,0.03125,0.0625,0.0,0.03125,0.0
617,Pablo Cuñat,ES ESP,GK,Levante,La Liga,24.0,2002.0,2,2,180,2.0,0,0,0,0,0,0,0,0,0.0,5.0,2.5,16.0,11.0,68.8,0.0,0.0,2.0,0.0,0.0,0.0,0.0,0.0,0,0,,0.0,0.0,,,90,5.3,90.0,2,0,,36,0.0,3,5,-2,-1.0,-0.67,0,0,0,0,0,0,0,0,GK,0.0,0.0,0.0,0.0,0.0,0.0,0.0,0.0
623,Finn Dahmen,DE GER,GK,Augsburg,Bundesliga,28.0,1998.0,34,34,3060,34.0,0,0,0,0,0,0,1,0,0.0,61.0,1.79,159.0,105.0,65.4,12.0,7.0,15.0,5.0,14.7,6.0,1.0,0.0,1,0,0.0,0.03,0.0,0.0,,90,100.0,90.0,34,0,,0,1.26,45,61,-16,-0.47,,0,0,9,0,0,0,0,0,GK,0.0,0.0,0.0,0.0,0.2647058823529412,0.0,0.0,0.0
639,Karl Darlow,WLS WAL,GK,Leeds United,Premier League,35.0,1990.0,22,22,1980,22.0,0,0,0,0,0,0,1,0,0.0,27.0,1.23,88.0,63.0,71.6,7.0,8.0,7.0,5.0,22.7,2.0,0.0,0.0,0,0,,0.0,0.0,,,90,57.9,90.0,22,0,,15,1.32,26,27,-1,-0.05,0.33,0,0,7,0,0,0,0,0,GK,0.0,0.0,0.0,0.0,0.3181818181818182,0.0,0.0,0.0
653,Jeffrey De Lange,NL NED,GK,Marseille,Ligue 1,28.0,1998.0,5,5,450,5.0,0,0,0,0,0,0,0,0,0.0,11.0,2.2,24.0,13.0,54.2,3.0,0.0,2.0,1.0,20.0,0.0,0.0,0.0,0,0,,0.0,0.0,,,90,14.7,90.0,5,0,,29,1.8,15,11,4,0.8,0.32,0,0,0,0,0,0,0,0,GK,0.0,0.0,0.0,0.0,0.0,0.0,0.0,0.0
655,Théo De Percin,MQ MTQ,GK,Auxerre,Ligue 1,25.0,2001.0,8,5,598,6.6,0,0,0,0,0,0,0,0,0.0,9.0,1.35,22.0,15.0,63.6,1.0,1.0,3.0,1.0,20.0,1.0,1.0,0.0,0,0,,0.0,0.0,,,75,19.5,90.0,5,3,49.0,26,1.0,10,9,1,0.15,0.55,0,0,1,0,0,0,0,0,GK,0.0,0.0,0.0,0.0,0.15151515151515152,0.0,0.0,0.0
678,Rémy Descamps,FR FRA,GK,Lyon,Ligue 1,29.0,1996.0,5,5,450,5.0,0,0,0,0,0,0,0,0,0.0,3.0,0.6,17.0,14.0,82.4,3.0,1.0,1.0,4.0,80.0,0.0,0.0,0.0,0,0,,0.0,0.0,,,90,14.7,90.0,5,0,,24,2.0,6,3,3,0.6,0.26,0,0,0,0,0,0,0,1,GK,0.0,0.0,0.0,0.0,0.0,0.0,0.0,0.0
683,Raffaele Di Gennaro,IT ITA,GK,Inter,Serie A,32.0,1993.0,1,0,10,0.1,0,0,0,0,0,0,0,0,0.0,1.0,9.0,2.0,1.0,50.0,0.0,0.0,0.0,0.0,,0.0,0.0,0.0,0,0,,0.0,0.0,,,10,0.3,,0,1,10.0,22,1.0,0,1,-1,-9.0,-10.45,0,0,0,0,0,0,0,0,GK,0.0,0.0,0.0,0.0,0.0,0.0,0.0,0.0
684,Michele Di Gregorio,IT ITA,GK,Juventus,Serie A,28.0,1997.0,30,29,2655,29.5,0,0,0,0,0,0,1,0,0.0,25.0,0.85,85.0,60.0,71.8,15.0,9.0,5.0,14.0,48.3,1.0,0.0,2.0,0,0,,0.0,0.0,,,89,77.6,90.0,29,1,45.0,8,1.9,46,25,21,0.71,0.01,0,0,5,0,0,0,0,0,GK,0.0,0.0,0.0,0.0,0.1694915254237288,0.0,0.0,0.0
704,Mory Diaw,SN SEN,GK,Le Havre,Ligue 1,32.0,1993.0,30,30,2655,29.5,0,1,1,0,0,0,1,0,0.03,41.0,1.39,113.0,80.0,69.0,6.0,12.0,12.0,7.0,23.3,6.0,2.0,0.0,0,0,,0.0,0.0,,,89,86.8,89.0,29,0,,1,1.0,28,41,-13,-0.44,-0.66,0,0,6,0,0,2,0,0,GK,0.0,0.03389830508474576,0.03389830508474576,0.0,0.2033898305084746,0.06779661016949153,0.0,0.0
719,Stole Dimitrievski,MK MKD,GK,Valencia,La Liga,32.0,1993.0,20,20,1800,20.0,0,0,0,0,0,0,1,0,0.0,25.0,1.25,74.0,52.0,70.3,10.0,3.0,7.0,5.0,25.0,3.0,0.0,1.0,0,0,,0.0,0.0,,,90,52.6,90.0,20,0,,15,1.65,29,25,4,0.2,0.92,0,0,4,0,0,1,0,0,GK,0.0,0.0,0.0,0.0,0.2,0.05,0.0,0.0
731,Yehvann Diouf,SN SEN,GK,Nice,Ligue 1,26.0,1999.0,26,26,2340,26.0,0,0,0,0,0,0,1,0,0.0,45.0,1.73,130.0,91.0,69.2,6.0,7.0,13.0,5.0,19.2,5.0,1.0,1.0,0,0,,0.0,0.0,,,90,76.5,90.0,26,0,,6,0.96,26,45,-19,-0.73,-0.23,0,0,4,0,0,2,0,0,GK,0.0,0.0,0.0,0.0,0.15384615384615385,0.07692307692307693,0.0,0.0
734,Matías Dituro,AR ARG,GK,Elche,La Liga,39.0,1987.0,22,22,1980,22.0,0,0,0,0,0,0,1,0,0.0,29.0,1.32,89.0,64.0,71.9,7.0,9.0,6.0,4.0,18.2,4.0,0.0,1.0,0,0,,0.0,0.0,,,90,57.9,90.0,22,0,,16,1.36,28,29,-1,-0.05,0.39,0,0,7,0,0,1,0,0,GK,0.0,0.0,0.0,0.0,0.3181818181818182,0.045454545454545456,0.0,0.0
738,Marko Dmitrović,RS SRB,GK,Espanyol,La Liga,34.0,1992.0,37,37,3330,37.0,0,0,0,0,0,0,0,0,0.0,54.0,1.46,182.0,133.0,73.1,12.0,9.0,16.0,10.0,27.0,5.0,0.0,0.0,0,0,,0.0,0.0,,,90,97.4,90.0,37,0,,1,1.22,42,54,-12,-0.32,-0.32,0,0,5,0,0,0,2,0,GK,0.0,0.0,0.0,0.0,0.13513513513513514,0.0,0.05405405405405406,0.0
753,Gianluigi Donnarumma,IT ITA,GK,Manchester City,Premier League,27.0,1999.0,34,34,3060,34.0,0,0,0,0,0,0,8,0,0.0,29.0,0.85,105.0,75.0,72.4,22.0,9.0,3.0,15.0,44.1,0.0,1.0,0.0,0,0,,0.0,0.0,,,90,89.5,90.0,34,0,,0,2.21,71,29,42,1.24,1.24,0,0,4,0,0,1,0,0,GK,0.0,0.0,0.0,0.0,0.11764705882352941,0.029411764705882353,0.0,0.0
773,Martin Dúbravka,SK SVK,GK,Burnley,Premier League,37.0,1989.0,35,35,3150,35.0,0,0,0,0,0,0,1,0,0.0,71.0,2.03,192.0,127.0,66.1,4.0,8.0,23.0,4.0,11.4,6.0,0.0,1.0,0,0,,0.0,0.0,,,90,92.1,90.0,35,0,,3,0.57,35,71,-36,-1.03,-0.7,0,0,8,0,0,0,1,0,GK,0.0,0.0,0.0,0.0,0.22857142857142856,0.0,0.02857142857142857,0.0
776,Maxime Dupé,FR FRA,GK,Nice,Ligue 1,33.0,1993.0,8,8,720,8.0,0,0,0,0,0,0,0,0,0.0,15.0,1.87,32.0,20.0,62.5,1.0,4.0,3.0,1.0,12.5,3.0,0.0,0.0,0,0,,0.0,0.0,,,90,23.5,90.0,8,0,,26,0.88,11,15,-4,-0.5,0.23,0,0,1,0,0,0,0,0,GK,0.0,0.0,0.0,0.0,0.125,0.0,0.0,0.0
815,Melker Ellborg,SE SWE,GK,Sunderland,Premier League,23.0,2003.0,3,3,270,3.0,0,0,0,0,0,0,0,0,0.0,2.0,0.67,12.0,10.0,83.3,2.0,0.0,1.0,1.0,33.3,0.0,0.0,0.0,0,0,,0.0,0.0,,,90,7.9,90.0,3,0,,11,2.0,3,2,1,0.33,0.53,0,0,1,0,0,0,0,0,GK,0.0,0.0,0.0,0.0,0.3333333333333333,0.0,0.0,0.0
832,Aarón Escandell,ES ESP,GK,Oviedo,La Liga,30.0,1995.0,36,36,3240,36.0,0,1,1,0,0,0,3,0,0.03,56.0,1.56,194.0,145.0,73.7,6.0,11.0,19.0,10.0,27.8,5.0,2.0,0.0,0,0,,0.0,0.0,,,90,94.7,90.0,36,0,,2,0.81,26,56,-30,-0.83,1.17,0,1,8,0,0,0,0,0,GK,0.0,0.027777777777777776,0.027777777777777776,0.027777777777777776,0.2222222222222222,0.0,0.0,0.0
860,Wladimiro Falcone,IT ITA,GK,Lecce,Serie A,31.0,1995.0,38,38,3420,38.0,0,0,0,0,0,0,2,0,0.0,50.0,1.32,152.0,108.0,69.7,10.0,8.0,20.0,10.0,26.3,4.0,2.0,0.0,0,0,,0.0,0.0,,,90,100.0,90.0,38,0,,0,1.0,28,50,-22,-0.58,,0,0,8,0,0,0,2,0,GK,0.0,0.0,0.0,0.0,0.21052631578947367,0.0,0.05263157894736842,0.0
868,Frank Feller,DE GER,GK,Heidenheim,Bundesliga,22.0,2004.0,3,3,270,3.0,0,0,0,0,0,0,0,0,0.0,5.0,1.67,20.0,15.0,75.0,1.0,0.0,2.0,0.0,0.0,0.0,0.0,0.0,0,0,,0.0,0.0,,,90,8.8,90.0,3,0,,16,1.0,3,5,-2,-0.67,0.27,0,0,2,0,0,0,1,0,GK,0.0,0.0,0.0,0.0,0.6666666666666666,0.0,0.3333333333333333,0.0
875,Aitor Fernández,ES ESP,GK,Osasuna,La Liga,35.0,1991.0,2,1,136,1.5,0,0,0,0,0,0,3,0,0.0,3.0,1.99,11.0,9.0,81.8,0.0,0.0,1.0,0.0,0.0,1.0,0.0,0.0,0,0,,0.0,0.0,,,68,4.0,90.0,1,1,46.0,33,0.0,2,8,-6,-3.97,-3.97,0,0,0,0,0,0,0,0,GK,0.0,0.0,0.0,0.0,0.0,0.0,0.0,0.0
890,Jonathan Fischer,DK DEN,GK,Metz,Ligue 1,24.0,2001.0,27,26,2354,26.2,0,0,0,0,0,0,0,0,0.0,56.0,2.14,141.0,92.0,64.5,3.0,5.0,18.0,5.0,19.2,6.0,1.0,0.0,0,0,,0.0,0.0,,,87,76.9,90.0,26,1,14.0,7,0.52,25,56,-31,-1.19,0.47,0,0,4,0,0,0,0,0,GK,0.0,0.0,0.0,0.0,0.15267175572519084,0.0,0.0,0.0
892,Mark Flekken,NL NED,GK,Leverkusen,Bundesliga,32.0,1993.0,24,24,2129,23.7,0,0,0,0,0,0,2,0,0.0,38.0,1.61,110.0,79.0,71.8,12.0,4.0,8.0,5.0,20.8,7.0,0.0,0.0,0,0,,0.0,0.0,,,89,69.6,89.0,23,0,,0,1.67,51,38,13,0.55,-0.22,0,0,3,0,0,0,0,0,GK,0.0,0.0,0.0,0.0,0.12658227848101267,0.0,0.0,0.0
912,Fortuño,ES ESP,GK,Espanyol,La Liga,24.0,2001.0,1,1,90,1.0,0,0,0,0,0,0,0,0,0.0,1.0,1.0,3.0,2.0,66.7,0.0,1.0,0.0,0.0,0.0,0.0,0.0,0.0,0,0,,0.0,0.0,,,90,2.6,90.0,1,0,,37,1.0,1,1,0,0.0,0.32,0,0,0,0,0,0,0,0,GK,0.0,0.0,0.0,0.0,0.0,0.0,0.0,0.0
934,Alessio Furlanetto,IT ITA,GK,Lazio,Serie A,24.0,2002.0,2,2,180,2.0,0,0,0,0,0,0,0,0,0.0,3.0,1.5,10.0,7.0,70.0,1.0,0.0,1.0,0.0,0.0,0.0,0.0,0.0,0,0,,0.0,0.0,,,90,5.3,90.0,2,0,,33,1.5,2,3,-1,-0.5,-0.56,0,0,0,0,0,0,0,0,GK,0.0,0.0,0.0,0.0,0.0,0.0,0.0,0.0
961,Joan García,ES ESP,GK,Barcelona,La Liga,25.0,2001.0,30,30,2700,30.0,0,0,0,0,0,0,1,0,0.0,21.0,0.7,92.0,74.0,80.4,27.0,1.0,2.0,15.0,50.0,3.0,0.0,0.0,0,0,,0.0,0.0,,,90,78.9,90.0,30,0,,2,2.73,81,21,60,2.0,2.12,0,0,4,0,0,1,4,0,GK,0.0,0.0,0.0,0.0,0.13333333333333333,0.03333333333333333,0.13333333333333333,0.0
974,Paulo Gazzaniga,AR ARG,GK,Girona,La Liga,34.0,1992.0,35,35,3102,34.5,0,0,0,0,0,0,4,1,0.0,47.0,1.36,158.0,115.0,72.8,9.0,13.0,13.0,6.0,17.1,4.0,0.0,1.0,0,0,,0.0,0.0,,,89,90.7,89.0,34,0,,2,1.14,37,47,-10,-0.29,1.41,0,1,5,0,0,0,1,0,GK,0.0,0.0,0.0,0.028985507246376812,0.14492753623188406,0.0,0.028985507246376812,0.0
977,David de Gea,ES ESP,GK,Fiorentina,Serie A,35.0,1990.0,37,37,3330,37.0,0,0,0,0,0,0,0,0,0.0,49.0,1.32,163.0,119.0,73.0,9.0,14.0,14.0,10.0,27.0,5.0,1.0,0.0,0,0,,0.0,0.0,,,90,97.4,90.0,37,0,,1,1.11,40,49,-9,-0.24,-0.24,0,0,6,0,0,0,0,0,GK,0.0,0.0,0.0,0.0,0.16216216216216217,0.0,0.0,0.0
1034,Mathieu Gorgelin,FR FRA,GK,Lens,Ligue 1,35.0,1990.0,1,1,90,1.0,0,0,0,0,0,0,0,0,0.0,0.0,0.0,4.0,4.0,100.0,1.0,0.0,0.0,1.0,100.0,0.0,0.0,0.0,0,0,,0.0,0.0,,,90,2.9,90.0,1,0,,15,3.0,4,0,4,4.0,3.18,0,0,0,0,0,0,0,0,GK,0.0,0.0,0.0,0.0,0.0,0.0,0.0,0.0
1046,Kamil Grabara,PL POL,GK,Wolfsburg,Bundesliga,27.0,1999.0,34,34,3060,34.0,0,0,0,0,0,0,1,0,0.0,69.0,2.03,179.0,120.0,65.4,7.0,8.0,19.0,2.0,5.9,7.0,3.0,2.0,1,0,0.0,0.03,0.0,0.0,,90,100.0,90.0,34,0,,0,0.85,45,69,-24,-0.71,,0,0,2,0,0,1,1,0,GK,0.0,0.0,0.0,0.0,0.058823529411764705,0.029411764705882353,0.029411764705882353,0.0
1054,Dominik Greif,SK SVK,GK,Lyon,Ligue 1,29.0,1997.0,29,29,2610,29.0,0,1,1,0,0,0,1,0,0.03,37.0,1.28,110.0,77.0,68.2,15.0,5.0,9.0,11.0,37.9,2.0,3.0,0.0,0,0,,0.0,0.0,,,90,85.3,90.0,29,0,,4,1.72,47,37,10,0.34,-0.26,0,0,6,0,0,0,0,0,GK,0.0,0.034482758620689655,0.034482758620689655,0.0,0.20689655172413793,0.0,0.0,0.0
1092,Péter Gulácsi,HU HUN,GK,RB Leipzig,Bundesliga,36.0,1990.0,23,23,2008,22.3,0,0,0,0,0,0,1,0,0.0,32.0,1.43,83.0,52.0,63.9,12.0,4.0,7.0,9.0,39.1,2.0,0.0,0.0,0,0,,0.0,0.0,,,87,65.6,87.0,22,0,,6,1.74,41,32,9,0.4,-0.45,0,0,0,0,0,0,0,0,GK,0.0,0.0,0.0,0.0,0.0,0.0,0.0,0.0
1095,Angus Gunn,SCT SCO,GK,Nottingham Forest,Premier League,30.0,1996.0,1,0,45,0.5,0,0,0,0,0,0,0,0,0.0,0.0,0.0,0.0,0.0,,0.0,0.0,0.0,0.0,,0.0,0.0,0.0,0,0,,0.0,0.0,,,45,1.3,,0,1,45.0,13,1.0,0,0,0,0.0,0.08,0,0,0,0,0,0,0,0,GK,0.0,0.0,0.0,0.0,0.0,0.0,0.0,0.0
1130,Kjetil Haug,NO NOR,GK,Toulouse,Ligue 1,27.0,1998.0,1,0,31,0.3,0,0,0,0,0,0,0,0,0.0,1.0,2.9,2.0,1.0,50.0,0.0,0.0,0.0,0.0,,0.0,0.0,0.0,0,0,,0.0,0.0,,,31,1.0,,0,1,31.0,32,3.0,1,1,0,0.0,-0.03,0,0,0,0,0,0,0,0,GK,0.0,0.0,0.0,0.0,0.0,0.0,0.0,0.0
1140,Dean Henderson,ENG ENG,GK,Crystal Palace,Premier League,29.0,1997.0,37,37,3330,37.0,0,0,0,0,0,0,5,0,0.0,51.0,1.38,150.0,104.0,69.3,11.0,11.0,15.0,11.0,29.7,5.0,1.0,0.0,0,0,,0.0,0.0,,,90,97.4,90.0,37,0,,0,1.19,41,51,-10,-0.27,-0.27,0,2,5,0,0,1,0,0,GK,0.0,0.0,0.0,0.05405405405405406,0.13513513513513514,0.02702702702702703,0.0,0.0
1147,Mads Hermansen,DK DEN,GK,West Ham United,Premier League,25.0,2000.0,18,18,1620,18.0,0,1,1,0,0,0,0,0,0.06,28.0,1.56,81.0,53.0,66.7,6.0,4.0,8.0,7.0,38.9,1.0,0.0,0.0,0,0,,0.0,0.0,,,90,47.4,90.0,18,0,,20,1.22,21,28,-7,-0.39,0.21,0,0,2,0,0,0,0,0,GK,0.0,0.05555555555555555,0.05555555555555555,0.0,0.1111111111111111,0.0,0.0,0.0
1152,Sergio Herrera,ES ESP,GK,Osasuna,La Liga,32.0,1993.0,37,37,3284,36.5,0,0,0,0,0,0,3,1,0.0,47.0,1.29,152.0,113.0,74.3,11.0,9.0,17.0,7.0,18.9,8.0,0.0,0.0,0,0,,0.0,0.0,,,89,96.0,89.0,36,0,,0,1.14,43,47,-4,-0.11,1.21,0,3,5,0,0,0,0,0,GK,0.0,0.0,0.0,0.0821917808219178,0.136986301369863,0.0,0.0,0.0
1156,Daniel Heuer Fernandes,PT POR,GK,Hamburger SV,Bundesliga,33.0,1992.0,33,33,2970,33.0,0,0,0,0,0,0,3,0,0.0,53.0,1.61,150.0,105.0,68.7,9.0,10.0,14.0,6.0,18.2,6.0,2.0,2.0,1,0,0.0,0.03,0.0,0.0,,90,97.1,90.0,33,0,,1,1.12,39,53,-14,-0.42,-0.42,0,0,4,0,0,0,0,0,GK,0.0,0.0,0.0,0.0,0.12121212121212122,0.0,0.0,0.0
1181,Lukáš Hrádecký,FI FIN,GK,Monaco,Ligue 1,36.0,1989.0,17,17,1439,16.0,0,0,0,0,0,0,1,0,0.0,27.0,1.69,70.0,45.0,64.3,7.0,2.0,8.0,2.0,11.8,2.0,0.0,1.0,0,0,,0.0,0.0,,,85,47.0,85.0,15,0,,0,1.35,24,27,-3,-0.19,-0.69,0,0,0,0,0,0,1,0,GK,0.0,0.0,0.0,0.0,0.0,0.0,0.0625,0.0
1229,Franco Israel,UY URU,GK,Torino,Serie A,26.0,2000.0,9,9,810,9.0,0,0,0,0,0,0,1,0,0.0,18.0,2.0,40.0,24.0,60.0,2.0,2.0,5.0,3.0,33.3,2.0,0.0,0.0,0,0,,0.0,0.0,,,90,23.7,90.0,9,0,,25,0.89,9,18,-9,-1.0,-0.66,0,0,3,0,0,0,0,0,GK,0.0,0.0,0.0,0.0,0.3333333333333333,0.0,0.0,0.0
1238,Karl Jakob Hein,EE EST,GK,Werder Bremen,Bundesliga,24.0,2002.0,2,2,180,2.0,0,0,0,0,0,0,0,0,0.0,4.0,2.0,14.0,11.0,78.6,1.0,0.0,1.0,1.0,50.0,1.0,0.0,0.0,0,0,,0.0,0.0,,,90,5.9,90.0,2,0,,23,1.5,1,4,-3,-1.5,-0.87,0,0,0,0,0,0,0,0,GK,0.0,0.0,0.0,0.0,0.0,0.0,0.0,0.0
1268,John,BR BRA,GK,Nottingham Forest,Premier League,30.0,1996.0,5,5,437,4.9,0,0,0,0,0,0,1,0,0.0,8.0,1.65,13.0,6.0,46.2,1.0,0.0,4.0,1.0,20.0,1.0,0.0,0.0,0,0,,0.0,0.0,,,87,12.8,87.0,4,0,,13,0.6,5,8,-3,-0.62,-0.62,0,0,0,0,0,0,0,0,GK,0.0,0.0,0.0,0.0,0.0,0.0,0.0,0.0
1272,Karl-Johan Johnsson,SE SWE,GK,Strasbourg,Ligue 1,36.0,1990.0,1,1,90,1.0,0,0,0,0,0,0,0,0,0.0,0.0,0.0,2.0,2.0,100.0,1.0,0.0,0.0,1.0,100.0,0.0,0.0,0.0,0,0,,0.0,0.0,,,90,2.9,90.0,1,0,,25,3.0,1,0,1,1.0,0.7,0,0,0,0,0,0,0,0,GK,0.0,0.0,0.0,0.0,0.0,0.0,0.0,0.0
1273,Sam Johnstone,ENG ENG,GK,Wolves,Premier League,33.0,1993.0,12,12,1080,12.0,0,0,0,0,0,0,0,0,0.0,24.0,2.0,62.0,39.0,62.9,0.0,2.0,10.0,0.0,0.0,1.0,0.0,0.0,0,0,,0.0,0.0,,,90,31.6,90.0,12,0,,18,0.17,6,24,-18,-1.5,-0.62,0,0,0,0,0,0,1,1,GK,0.0,0.0,0.0,0.0,0.0,0.0,0.08333333333333333,0.0
1285,Luiz Lúcio Reis Júnior,BR BRA,GK,Villarreal,La Liga,25.0,2001.0,28,28,2520,28.0,0,0,0,0,0,0,3,0,0.0,30.0,1.07,96.0,72.0,74.0,18.0,3.0,7.0,8.0,28.6,5.0,1.0,0.0,0,0,,0.0,0.0,,,90,73.7,90.0,28,0,,10,2.04,51,30,21,0.75,0.25,0,2,4,0,0,1,0,0,GK,0.0,0.0,0.0,0.07142857142857142,0.14285714285714285,0.03571428571428571,0.0,0.0
1292,Filip Jørgensen,DK DEN,GK,Chelsea,Premier League,24.0,2002.0,5,3,379,4.2,0,0,0,0,0,0,0,0,0.0,5.0,1.19,13.0,8.0,61.5,1.0,2.0,0.0,0.0,0.0,0.0,0.0,0.0,0,0,,0.0,0.0,,,76,11.1,90.0,3,2,55.0,23,1.0,8,5,3,0.71,0.62,0,0,0,0,0,1,0,0,GK,0.0,0.0,0.0,0.0,0.0,0.23809523809523808,0.0,0.0
1311,Bingourou Kamara,SN SEN,GK,Lorient,Ligue 1,29.0,1996.0,3,3,270,3.0,0,0,0,0,0,0,0,0,0.0,8.0,2.67,16.0,8.0,50.0,1.0,0.0,2.0,1.0,33.3,0.0,0.0,1.0,0,0,,0.0,0.0,,,90,8.8,90.0,3,0,,30,1.0,5,8,-3,-1.0,-1.0,0,0,1,0,0,0,0,0,GK,0.0,0.0,0.0,0.0,0.3333333333333333,0.0,0.0,0.0
1344,Caoimhín Kelleher,IE IRL,GK,Brentford,Premier League,27.0,1998.0,37,37,3330,37.0,0,0,0,0,0,0,1,0,0.0,49.0,1.32,146.0,105.0,69.9,13.0,11.0,13.0,10.0,27.0,5.0,3.0,0.0,0,0,,0.0,0.0,,,90,97.4,90.0,37,0,,0,1.35,51,49,2,0.05,-0.95,0,3,6,0,0,1,0,0,GK,0.0,0.0,0.0,0.08108108108108109,0.16216216216216217,0.02702702702702703,0.0,0.0
1363,Antonín Kinský,CZ CZE,GK,Tottenham Hotspur,Premier League,23.0,2003.0,7,7,630,7.0,0,0,0,0,0,0,1,0,0.0,7.0,1.0,16.0,10.0,62.5,3.0,2.0,2.0,2.0,28.6,1.0,0.0,0.0,0,0,,0.0,0.0,,,90,18.4,90.0,7,0,,30,1.57,8,7,1,0.14,0.47,0,0,1,0,0,0,0,0,GK,0.0,0.0,0.0,0.0,0.14285714285714285,0.0,0.0,0.0
1364,Carl Klaus,DE GER,GK,Union Berlin,Bundesliga,32.0,1994.0,4,3,330,3.7,0,0,0,0,0,0,0,0,0.0,4.0,1.09,13.0,9.0,69.2,2.0,1.0,0.0,1.0,33.3,0.0,0.0,0.0,0,0,,0.0,0.0,,,83,10.8,90.0,3,1,60.0,6,1.75,10,4,6,1.64,2.3,0,0,0,0,0,0,0,0,GK,0.0,0.0,0.0,0.0,0.0,0.0,0.0,0.0
1371,Gregor Kobel,CH SUI,GK,Dortmund,Bundesliga,28.0,1997.0,34,34,3060,34.0,0,0,0,0,0,0,3,0,0.0,34.0,1.0,117.0,88.0,75.2,22.0,7.0,5.0,15.0,44.1,5.0,0.0,0.0,0,0,,0.0,0.0,,,90,100.0,90.0,34,0,,0,2.15,70,34,36,1.06,,0,0,5,0,0,0,0,0,GK,0.0,0.0,0.0,0.0,0.14705882352941177,0.0,0.0,0.0
1374,Hervé Koffi,BF BFA,GK,Angers,Ligue 1,29.0,1996.0,30,30,2658,29.5,0,0,0,0,0,0,1,0,0.0,36.0,1.22,152.0,120.0,78.3,9.0,9.0,12.0,10.0,33.3,3.0,2.0,1.0,0,0,,0.0,0.0,,,89,86.9,89.0,29,0,,0,1.2,25,36,-11,-0.37,1.42,0,1,11,0,0,0,2,0,GK,0.0,0.0,0.0,0.03389830508474576,0.3728813559322034,0.0,0.06779661016949153,0.0
1377,Philipp Köhn,CH SUI,GK,Monaco,Ligue 1,28.0,1998.0,19,17,1621,18.0,0,0,0,0,0,0,1,0,0.0,27.0,1.5,73.0,48.0,65.8,9.0,4.0,4.0,5.0,29.4,2.0,0.0,0.0,0,0,,0.0,0.0,,,85,53.0,90.0,17,2,46.0,15,1.79,36,27,9,0.5,0.69,0,0,3,0,0,1,0,0,GK,0.0,0.0,0.0,0.0,0.16666666666666666,0.05555555555555555,0.0,0.0
1415,Vladyslav Krapyvtsov,UA UKR,GK,Girona,La Liga,20.0,2005.0,2,1,136,1.5,0,0,0,0,0,0,0,0,0.0,6.0,3.97,9.0,4.0,44.4,0.0,0.0,1.0,0.0,0.0,1.0,0.0,0.0,0,0,,0.0,0.0,,,68,4.0,90.0,1,1,46.0,27,0.0,1,5,-4,-2.65,-2.32,0,0,1,0,0,0,0,0,GK,0.0,0.0,0.0,0.0,0.6666666666666666,0.0,0.0,0.0
1447,Senne Lammens,BE BEL,GK,Manchester Utd,Premier League,23.0,2002.0,32,32,2880,32.0,0,0,0,0,0,0,0,0,0.0,39.0,1.22,114.0,78.0,69.3,18.0,10.0,4.0,8.0,25.0,4.0,0.0,0.0,0,0,,0.0,0.0,,,90,84.2,90.0,32,0,,3,2.0,62,39,23,0.72,1.39,0,0,4,0,0,0,1,0,GK,0.0,0.0,0.0,0.0,0.125,0.0,0.03125,0.0
1466,Nicola Leali,IT ITA,GK,Genoa,Serie A,33.0,1993.0,22,21,1847,20.5,0,0,0,0,0,0,2,1,0.0,28.0,1.36,84.0,58.0,69.0,4.0,8.0,9.0,4.0,19.0,2.0,0.0,0.0,0,0,,0.0,0.0,,,84,54.0,86.0,20,1,45.0,15,0.91,21,27,-6,-0.29,-0.06,0,2,2,0,0,1,0,0,GK,0.0,0.0,0.0,0.0975609756097561,0.0975609756097561,0.04878048780487805,0.0,0.0
1484,Bernd Leno,DE GER,GK,Fulham,Premier League,34.0,1992.0,38,38,3420,38.0,0,0,0,0,0,0,3,0,0.0,51.0,1.34,146.0,98.0,67.1,15.0,7.0,16.0,9.0,23.7,3.0,0.0,1.0,0,0,,0.0,0.0,,,90,100.0,90.0,38,0,,0,1.37,47,51,-4,-0.11,,0,0,6,0,0,1,1,1,GK,0.0,0.0,0.0,0.0,0.15789473684210525,0.02631578947368421,0.02631578947368421,0.0
1485,Donovan Léon,GF GUF,GK,Auxerre,Ligue 1,33.0,1992.0,29,29,2460,27.3,0,0,0,0,0,0,1,2,0.0,35.0,1.28,127.0,95.0,74.0,7.0,9.0,13.0,9.0,31.0,2.0,1.0,0.0,0,0,,0.0,0.0,,,85,80.4,85.0,26,0,,0,1.03,24,35,-11,-0.4,-0.55,0,3,7,0,0,0,2,0,GK,0.0,0.0,0.0,0.10989010989010989,0.2564102564102564,0.0,0.07326007326007326,0.0
1497,Luca Lezzerini,IT ITA,GK,Fiorentina,Serie A,31.0,1995.0,1,0,4,0.0,0,0,0,0,0,0,0,0,0.0,0.0,0.0,0.0,0.0,,0.0,0.0,0.0,0.0,,0.0,0.0,0.0,0,0,,0.0,0.0,,,4,0.1,,0,1,4.0,33,1.0,0,0,0,0.0,0.24,0,0,0,0,0,0,0,0,GK,0.0,0.0,0.0,0.0,0.0,0.0,0.0,0.0
1523,Anthony Lopes,PT POR,GK,Nantes,Ligue 1,35.0,1990.0,31,31,2788,31.0,0,0,0,0,0,0,4,0,0.0,50.0,1.61,142.0,97.0,68.3,4.0,7.0,20.0,6.0,19.4,5.0,0.0,0.0,2,0,0.0,0.06,0.0,0.0,,90,93.9,90.0,30,0,,0,0.59,25,51,-26,-0.84,-2.32,0,1,14,0,0,1,1,0,GK,0.0,0.0,0.0,0.03225806451612903,0.45161290322580644,0.03225806451612903,0.03225806451612903,0.0
1534,Pau López,ES ESP,GK,Real Betis,La Liga,31.0,1994.0,9,9,810,9.0,0,0,0,0,0,0,1,0,0.0,11.0,1.22,39.0,29.0,71.8,4.0,2.0,3.0,2.0,22.2,0.0,1.0,0.0,0,0,,0.0,0.0,,,90,23.7,90.0,9,0,,23,1.56,13,11,2,0.22,-0.09,0,0,2,0,0,0,1,0,GK,0.0,0.0,0.0,0.0,0.2222222222222222,0.0,0.1111111111111111,0.0
1563,Andriy Lunin,UA UKR,GK,Real Madrid,La Liga,27.0,1999.0,6,6,540,6.0,0,0,0,0,0,0,0,1,0.0,7.0,1.17,23.0,16.0,69.6,3.0,2.0,1.0,1.0,16.7,0.0,0.0,0.0,0,0,,0.0,0.0,,,90,15.8,90.0,6,0,,27,2.0,12,8,4,0.67,-0.52,0,0,0,0,0,0,0,0,GK,0.0,0.0,0.0,0.0,0.0,0.0,0.0,0.0
1592,Mike Maignan,FR FRA,GK,Milan,Serie A,30.0,1995.0,37,37,3295,36.6,0,0,0,0,0,0,4,0,0.0,35.0,0.96,134.0,106.0,77.6,19.0,10.0,8.0,14.0,37.8,5.0,2.0,1.0,0,0,,0.0,0.0,,,89,96.3,89.0,36,0,,0,1.81,49,35,14,0.38,-2.5,0,0,6,0,0,1,0,0,GK,0.0,0.0,0.0,0.0,0.16393442622950818,0.0273224043715847,0.0,0.0
1597,Radosław Majecki,PL POL,GK,Brest,Ligue 1,26.0,1999.0,10,10,864,9.6,0,0,0,0,0,0,0,1,0.0,18.0,1.87,43.0,26.0,60.5,1.0,4.0,5.0,3.0,30.0,1.0,0.0,0.0,0,0,,0.0,0.0,,,86,28.2,86.0,9,0,,16,0.7,9,15,-6,-0.62,-0.38,0,1,1,0,0,0,0,0,GK,0.0,0.0,0.0,0.10416666666666667,0.10416666666666667,0.0,0.0,0.0
1614,Pape Mamadou Sy,SN SEN,GK,Metz,Ligue 1,29.0,1997.0,8,8,706,7.8,0,0,0,0,0,0,0,0,0.0,20.0,2.55,48.0,29.0,60.4,0.0,3.0,5.0,2.0,25.0,1.0,0.0,0.0,0,0,,0.0,0.0,,,88,23.1,88.0,7,0,,9,0.38,7,20,-13,-1.66,-0.47,0,0,4,0,0,0,0,0,GK,0.0,0.0,0.0,0.0,0.5128205128205129,0.0,0.0,0.0
1615,Giorgi Mamardashvili,GE GEO,GK,Liverpool,Premier League,25.0,2000.0,10,10,867,9.6,0,0,0,0,0,0,0,0,0.0,18.0,1.87,49.0,33.0,65.3,3.0,1.0,6.0,2.0,20.0,1.0,1.0,0.0,0,0,,0.0,0.0,,,87,25.4,87.0,9,0,,26,1.0,13,18,-5,-0.52,-1.05,0,1,2,0,0,1,1,0,GK,0.0,0.0,0.0,0.10416666666666667,0.20833333333333334,0.10416666666666667,0.10416666666666667,0.0
1642,Renato Marin,IT ITA,GK,Paris Saint-Germain,Ligue 1,19.0,2006.0,2,2,180,2.0,0,0,0,0,0,0,0,0,0.0,2.0,1.0,5.0,3.0,60.0,1.0,1.0,0.0,1.0,50.0,0.0,0.0,0.0,0,0,,0.0,0.0,,,90,5.9,90.0,2,0,,17,2.0,3,2,1,0.5,-0.87,0,0,1,0,0,0,0,0,GK,0.0,0.0,0.0,0.0,0.5,0.0,0.0,0.0
1649,Unai Marrero,ES ESP,GK,Real Sociedad,La Liga,24.0,2001.0,1,1,90,1.0,0,0,0,0,0,0,1,0,0.0,1.0,1.0,8.0,7.0,87.5,0.0,1.0,0.0,0.0,0.0,0.0,0.0,0.0,0,0,,0.0,0.0,,,90,2.6,90.0,1,0,,35,1.0,1,1,0,0.0,0.05,0,0,0,0,0,0,0,0,GK,0.0,0.0,0.0,0.0,0.0,0.0,0.0,0.0
1661,Emiliano Martínez,AR ARG,GK,Aston Villa,Premier League,33.0,1992.0,32,32,2835,31.5,0,1,1,0,0,0,2,0,0.03,39.0,1.24,133.0,95.0,70.7,16.0,6.0,10.0,8.0,25.0,0.0,1.0,0.0,0,0,,0.0,0.0,,,89,82.9,89.0,31,0,,0,1.69,46,39,7,0.22,0.22,0,0,17,0,0,0,0,0,GK,0.0,0.031746031746031744,0.031746031746031744,0.0,0.5396825396825397,0.0,0.0,0.0
1663,Josep Martinez,ES ESP,GK,Inter,Serie A,27.0,1998.0,5,5,450,5.0,0,0,0,0,0,0,0,0,0.0,4.0,0.8,14.0,10.0,71.4,4.0,1.0,0.0,3.0,60.0,0.0,0.0,0.0,0,0,,0.0,0.0,,,90,13.2,90.0,5,0,,29,2.6,13,4,9,1.8,0.44,0,0,0,0,0,0,0,0,GK,0.0,0.0,0.0,0.0,0.0,0.0,0.0,0.0
1735,Alex Meret,IT ITA,GK,Napoli,Serie A,29.0,1997.0,11,11,979,10.9,0,1,1,0,0,0,1,0,0.09,12.0,1.1,31.0,21.0,67.7,9.0,0.0,2.0,4.0,36.4,2.0,0.0,0.0,0,0,,0.0,0.0,,,89,28.6,89.0,10,0,,15,2.45,20,12,8,0.74,0.22,0,1,1,0,0,1,0,0,GK,0.0,0.09174311926605504,0.09174311926605504,0.09174311926605504,0.09174311926605504,0.09174311926605504,0.0,0.0
1757,Vanja Milinković-Savić,RS SRB,GK,Napoli,Serie A,29.0,1997.0,27,27,2430,27.0,0,1,1,0,0,0,0,0,0.04,24.0,0.89,69.0,52.0,72.5,14.0,7.0,6.0,11.0,40.7,5.0,3.0,0.0,0,0,,0.0,0.0,,,90,71.1,90.0,27,0,,9,1.81,38,24,14,0.52,-0.21,0,1,6,0,0,0,0,0,GK,0.0,0.037037037037037035,0.037037037037037035,0.037037037037037035,0.2222222222222222,0.0,0.0,0.0
1788,Horaţiu Moldovan,RO ROU,GK,Oviedo,La Liga,28.0,1998.0,2,2,180,2.0,0,0,0,0,0,0,0,0,0.0,4.0,2.0,8.0,4.0,50.0,0.0,0.0,2.0,0.0,0.0,0.0,0.0,0.0,0,0,,0.0,0.0,,,90,5.3,90.0,2,0,,36,0.0,0,4,-4,-2.0,-1.17,0,0,0,0,0,0,0,0,GK,0.0,0.0,0.0,0.0,0.0,0.0,0.0,0.0
1795,Lorenzo Montipò,IT ITA,GK,Hellas Verona,Serie A,30.0,1996.0,35,35,3150,35.0,0,1,1,0,0,0,0,0,0.03,54.0,1.54,137.0,87.0,62.0,3.0,11.0,21.0,5.0,14.3,2.0,3.0,0.0,0,0,,0.0,0.0,,,90,92.1,90.0,35,0,,3,0.57,24,54,-30,-0.86,1.14,0,0,8,0,0,0,0,0,GK,0.0,0.02857142857142857,0.02857142857142857,0.0,0.22857142857142856,0.0,0.0,0.0
1822,Edoardo Motta,IT ITA,GK,Lazio,Serie A,21.0,2005.0,9,9,810,9.0,0,0,0,0,0,0,1,0,0.0,10.0,1.11,31.0,22.0,67.7,5.0,2.0,2.0,3.0,33.3,0.0,1.0,0.0,0,0,,0.0,0.0,,,90,23.7,90.0,9,0,,5,1.89,13,10,3,0.33,0.4,0,1,1,0,0,0,0,0,GK,0.0,0.0,0.0,0.1111111111111111,0.1111111111111111,0.0,0.0,0.0
1828,Lionel Mpasi,CD COD,GK,Le Havre,Ligue 1,31.0,1994.0,4,3,315,3.5,0,0,0,0,0,0,1,0,0.0,2.0,0.57,17.0,15.0,88.2,0.0,2.0,1.0,1.0,33.3,0.0,0.0,0.0,0,0,,0.0,0.0,,,79,10.3,90.0,3,1,45.0,28,1.25,2,2,0,0.0,0.39,0,0,1,0,0,0,0,0,GK,0.0,0.0,0.0,0.0,0.2857142857142857,0.0,0.0,0.0
1846,Arijanet Muric,XK KVX,GK,Sassuolo,Serie A,27.0,1998.0,32,32,2880,32.0,0,0,0,0,0,0,4,0,0.0,43.0,1.34,155.0,118.0,75.5,12.0,6.0,14.0,6.0,18.8,5.0,1.0,0.0,0,0,,0.0,0.0,,,90,84.2,90.0,32,0,,6,1.31,40,43,-3,-0.09,0.07,0,1,3,0,0,0,0,0,GK,0.0,0.0,0.0,0.03125,0.09375,0.0,0.0,0.0
1855,Juan Musso,AR ARG,GK,Atlético Madrid,La Liga,32.0,1994.0,8,8,720,8.0,0,0,0,0,0,0,2,0,0.0,13.0,1.62,32.0,22.0,68.8,4.0,0.0,4.0,3.0,37.5,3.0,0.0,0.0,0,0,,0.0,0.0,,,90,21.1,90.0,8,0,,28,1.5,11,13,-2,-0.25,-0.92,0,1,3,0,0,0,0,0,GK,0.0,0.0,0.0,0.125,0.375,0.0,0.0,0.0
1857,Yvon Mvogo,CH SUI,GK,Lorient,Ligue 1,31.0,1994.0,31,31,2790,31.0,0,0,0,0,0,0,0,0,0.0,43.0,1.39,115.0,76.0,66.1,10.0,12.0,9.0,6.0,19.4,4.0,0.0,1.0,0,0,,0.0,0.0,,,90,91.2,90.0,31,0,,0,1.35,43,43,0,0.0,1.0,0,0,4,0,0,1,1,0,GK,0.0,0.0,0.0,0.0,0.12903225806451613,0.03225806451612903,0.03225806451612903,0.0
1902,Manuel Neuer,DE GER,GK,Bayern Munich,Bundesliga,40.0,1986.0,22,22,1859,20.7,0,0,0,0,0,0,0,0,0.0,20.0,0.97,50.0,31.0,62.0,19.0,3.0,0.0,7.0,31.8,1.0,0.0,0.0,0,0,,0.0,0.0,,,85,60.8,85.0,19,0,,7,2.73,81,20,61,2.95,1.08,0,0,2,0,0,0,0,0,GK,0.0,0.0,0.0,0.0,0.0966183574879227,0.0,0.0,0.0
1922,Moritz Nicolas,DE GER,GK,Gladbach,Bundesliga,28.0,1997.0,34,34,3060,34.0,0,0,0,0,0,0,1,0,0.0,53.0,1.56,184.0,136.0,73.9,9.0,11.0,14.0,13.0,38.2,5.0,0.0,0.0,0,0,,0.0,0.0,,,90,100.0,90.0,34,0,,0,1.12,42,53,-11,-0.32,,0,0,3,0,0,0,1,0,GK,0.0,0.0,0.0,0.0,0.08823529411764706,0.0,0.029411764705882353,0.0
1929,Obed Nkambadio,FR FRA,GK,Paris FC,Ligue 1,23.0,2003.0,12,12,1080,12.0,0,0,0,0,0,0,0,0,0.0,21.0,1.75,44.0,26.0,56.8,3.0,3.0,6.0,1.0,8.3,2.0,1.0,1.0,0,0,,0.0,0.0,,,90,35.3,90.0,12,0,,21,1.0,18,21,-3,-0.25,-0.25,0,0,0,0,0,0,0,0,GK,0.0,0.0,0.0,0.0,0.0,0.0,0.0,0.0
1945,Alexander Nübel,DE GER,GK,Stuttgart,Bundesliga,29.0,1996.0,34,34,3060,34.0,0,1,1,0,0,0,0,0,0.03,49.0,1.44,147.0,107.0,72.8,18.0,8.0,8.0,11.0,32.4,9.0,1.0,0.0,0,0,,0.0,0.0,,,90,100.0,90.0,34,0,,0,1.82,71,49,22,0.65,,0,1,7,0,0,1,0,0,GK,0.0,0.029411764705882353,0.029411764705882353,0.029411764705882353,0.20588235294117646,0.029411764705882353,0.0,0.0
1955,Ørjan Nyland,NO NOR,GK,Sevilla,La Liga,35.0,1990.0,5,5,450,5.0,0,0,0,0,0,0,1,0,0.0,8.0,1.6,18.0,11.0,61.1,1.0,1.0,3.0,1.0,20.0,1.0,0.0,0.0,0,0,,0.0,0.0,,,90,13.2,90.0,5,0,,32,0.8,7,8,-1,-0.2,0.19,0,0,0,0,0,0,0,0,GK,0.0,0.0,0.0,0.0,0.0,0.0,0.0,0.0
1967,Jan Oblak,SI SVN,GK,Atlético Madrid,La Liga,33.0,1993.0,30,30,2700,30.0,0,0,0,0,0,0,0,0,0.0,31.0,1.03,104.0,75.0,72.1,17.0,6.0,7.0,11.0,36.7,2.0,0.0,1.0,0,0,,0.0,0.0,,,90,78.9,90.0,30,0,,3,1.9,51,31,20,0.67,0.92,0,0,4,0,0,0,0,0,GK,0.0,0.0,0.0,0.0,0.13333333333333333,0.0,0.0,0.0
1983,Maduka Okoye,NG NGA,GK,Udinese,Serie A,26.0,1999.0,30,30,2616,29.1,0,0,0,0,0,0,1,1,0.0,37.0,1.27,111.0,80.0,71.2,12.0,5.0,13.0,10.0,33.3,5.0,1.0,0.0,0,0,,0.0,0.0,,,87,76.5,87.0,29,0,,1,1.37,37,32,5,0.17,1.07,0,2,4,0,0,0,0,0,GK,0.0,0.0,0.0,0.06872852233676975,0.1374570446735395,0.0,0.0,0.0
2010,Stefan Ortega,DE GER,GK,Nottingham Forest,Premier League,33.0,1992.0,3,3,270,3.0,0,0,0,0,0,0,0,0,0.0,4.0,1.33,12.0,8.0,66.7,0.0,1.0,2.0,1.0,33.3,0.0,0.0,0.0,0,0,,0.0,0.0,,,90,7.9,90.0,3,0,,8,0.33,1,4,-3,-1.0,-1.0,0,0,0,0,0,0,0,0,GK,0.0,0.0,0.0,0.0,0.0,0.0,0.0,0.0
2031,Berke Özer,TR TUR,GK,Lille,Ligue 1,26.0,2000.0,32,32,2834,31.5,0,1,1,0,0,0,5,0,0.03,34.0,1.08,103.0,70.0,68.0,18.0,7.0,7.0,13.0,40.6,1.0,1.0,1.0,0,0,,0.0,0.0,,,89,92.6,89.0,31,0,,0,1.91,50,34,16,0.51,0.91,0,0,13,0,0,0,2,0,GK,0.0,0.031746031746031744,0.031746031746031744,0.0,0.4126984126984127,0.0,0.06349206349206349,0.0
2037,Daniele Padelli,IT ITA,GK,Udinese,Serie A,40.0,1985.0,2,2,180,2.0,0,0,0,0,0,0,0,0,0.0,2.0,1.0,4.0,3.0,75.0,0.0,1.0,1.0,0.0,0.0,1.0,0.0,0.0,0,0,,0.0,0.0,,,90,5.3,90.0,2,0,,33,0.5,1,2,-1,-0.5,-0.44,0,0,0,0,0,0,0,0,GK,0.0,0.0,0.0,0.0,0.0,0.0,0.0,0.0
2038,Alex Padilla,ES ESP,GK,Athletic Club,La Liga,22.0,2003.0,1,1,90,1.0,0,0,0,0,0,0,0,1,0.0,4.0,4.0,8.0,4.0,50.0,0.0,0.0,1.0,0.0,0.0,0.0,0.0,0.0,0,0,,0.0,0.0,,,90,2.6,90.0,1,0,,33,1.5,4,4,0,0.0,0.41,0,0,0,0,0,0,0,0,GK,0.0,0.0,0.0,0.0,0.0,0.0,0.0,0.0
2045,Alberto Paleari,IT ITA,GK,Torino,Serie A,33.0,1992.0,29,29,2610,29.0,0,0,0,0,0,0,1,0,0.0,45.0,1.55,125.0,82.0,65.6,10.0,7.0,12.0,9.0,31.0,2.0,0.0,0.0,0,0,,0.0,0.0,,,90,76.3,90.0,29,0,,9,1.28,35,45,-10,-0.34,0.66,0,0,7,0,0,1,0,0,GK,0.0,0.0,0.0,0.0,0.2413793103448276,0.034482758620689655,0.0,0.0
2087,Iñaki Peña,ES ESP,GK,Elche,La Liga,27.0,1999.0,16,16,1440,16.0,0,0,0,0,0,0,0,0,0.0,28.0,1.75,81.0,55.0,67.9,3.0,4.0,9.0,4.0,25.0,2.0,0.0,0.0,0,0,,0.0,0.0,,,90,42.1,90.0,16,0,,20,0.81,21,28,-7,-0.44,-0.39,0,0,1,0,0,0,0,0,GK,0.0,0.0,0.0,0.0,0.0625,0.0,0.0,0.0
2088,Mike Penders,BE BEL,GK,Strasbourg,Ligue 1,20.0,2005.0,33,33,2970,33.0,0,0,0,0,0,0,3,0,0.0,47.0,1.42,149.0,107.0,71.1,14.0,8.0,11.0,8.0,24.2,4.0,1.0,0.0,0,0,,0.0,0.0,,,90,97.1,90.0,33,0,,0,1.52,57,47,10,0.3,-0.7,0,1,2,0,0,0,0,0,GK,0.0,0.0,0.0,0.030303030303030304,0.06060606060606061,0.0,0.0,0.0
2100,Simone Perilli,IT ITA,GK,Hellas Verona,Serie A,31.0,1995.0,3,3,270,3.0,0,0,0,0,0,0,0,0,0.0,7.0,2.33,15.0,8.0,53.3,0.0,1.0,2.0,1.0,33.3,0.0,0.0,0.0,0,0,,0.0,0.0,,,90,7.9,90.0,3,0,,35,0.33,1,7,-6,-2.0,-1.14,0,0,0,0,0,0,0,0,GK,0.0,0.0,0.0,0.0,0.0,0.0,0.0,0.0
2101,Mattia Perin,IT ITA,GK,Juventus,Serie A,33.0,1992.0,9,9,765,8.5,0,0,0,0,0,0,0,0,0.0,9.0,1.06,22.0,13.0,59.1,4.0,3.0,2.0,3.0,33.3,0.0,0.0,0.0,0,0,,0.0,0.0,,,85,22.4,85.0,8,0,,25,1.67,15,9,6,0.71,-0.01,0,0,2,0,0,0,0,0,GK,0.0,0.0,0.0,0.0,0.23529411764705882,0.0,0.0,0.0
2103,Lucas Perri,BR BRA,GK,Leeds United,Premier League,28.0,1997.0,16,16,1440,16.0,0,0,0,0,0,0,2,0,0.0,29.0,1.81,63.0,38.0,60.3,4.0,6.0,6.0,3.0,18.8,4.0,0.0,0.0,0,0,,0.0,0.0,,,90,42.1,90.0,16,0,,18,1.13,23,29,-6,-0.37,-0.33,0,1,3,0,0,0,0,0,GK,0.0,0.0,0.0,0.0625,0.1875,0.0,0.0,0.0
2106,Massimo Pessina,IT ITA,GK,Bologna,Serie A,18.0,2007.0,4,3,353,3.9,0,0,0,0,0,0,0,0,0.0,2.0,0.51,9.0,7.0,77.8,2.0,1.0,0.0,3.0,100.0,0.0,0.0,0.0,0,0,,0.0,0.0,,,88,10.3,90.0,3,1,83.0,33,2.5,7,2,5,1.27,1.33,0,0,1,0,0,0,0,0,GK,0.0,0.0,0.0,0.0,0.25641025641025644,0.0,0.0,0.0
2109,Đorđe Petrović,RS SRB,GK,Bournemouth,Premier League,26.0,1999.0,38,38,3420,38.0,0,0,0,0,0,0,3,0,0.0,54.0,1.42,157.0,109.0,69.4,13.0,18.0,7.0,11.0,28.9,6.0,0.0,0.0,0,0,,0.0,0.0,,,90,100.0,90.0,38,0,,0,1.5,58,54,4,0.11,,0,0,2,0,0,0,0,1,GK,0.0,0.0,0.0,0.0,0.05263157894736842,0.0,0.0,0.0
2117,Jordan Pickford,ENG ENG,GK,Everton,Premier League,32.0,1994.0,38,38,3420,38.0,0,0,0,0,0,0,4,0,0.0,50.0,1.32,145.0,99.0,67.6,13.0,10.0,15.0,11.0,28.9,3.0,1.0,0.0,0,0,,0.0,0.0,,,90,100.0,90.0,38,0,,0,1.29,47,50,-3,-0.08,,0,1,6,0,0,0,1,0,GK,0.0,0.0,0.0,0.02631578947368421,0.15789473684210525,0.0,0.02631578947368421,0.0
2137,Oumar Pona,FR FRA,GK,Angers,Ligue 1,19.0,2006.0,2,2,180,2.0,0,0,0,0,0,0,1,0,0.0,7.0,3.5,13.0,6.0,46.2,0.0,0.0,2.0,0.0,0.0,0.0,0.0,0.0,0,0,,0.0,0.0,,,90,5.9,90.0,2,0,,11,0.0,1,7,-6,-3.0,-2.59,0,0,2,0,0,0,0,0,GK,0.0,0.0,0.0,0.0,1.0,0.0,0.0,0.0
2139,Nick Pope,ENG ENG,GK,Newcastle United,Premier League,34.0,1992.0,27,27,2416,26.8,0,0,0,0,0,0,2,0,0.0,38.0,1.42,125.0,89.0,71.2,10.0,5.0,12.0,7.0,25.9,2.0,0.0,0.0,1,1,100.0,0.04,0.04,0.0,0.0,89,70.6,89.0,26,0,,6,1.3,37,38,-1,-0.04,0.05,0,1,2,0,0,0,1,0,GK,0.0,0.0,0.0,0.03731343283582089,0.07462686567164178,0.0,0.03731343283582089,0.0
2153,Ivan Provedel,IT ITA,GK,Lazio,Serie A,32.0,1994.0,27,27,2430,27.0,0,0,0,0,0,0,1,0,0.0,27.0,1.0,112.0,87.0,78.6,8.0,10.0,9.0,12.0,44.4,3.0,1.0,0.0,0,0,,0.0,0.0,,,90,71.1,90.0,27,0,,0,1.26,26,27,-1,-0.04,-0.22,0,0,2,0,0,0,0,0,GK,0.0,0.0,0.0,0.0,0.07407407407407407,0.0,0.0,0.0
2164,Matheo Raab,DE GER,GK,Union Berlin,Bundesliga,27.0,1998.0,1,1,90,1.0,0,0,0,0,0,0,0,0,0.0,0.0,0.0,6.0,6.0,100.0,1.0,0.0,0.0,1.0,100.0,0.0,0.0,0.0,0,0,,0.0,0.0,,,90,2.9,90.0,1,0,,24,3.0,1,0,1,1.0,1.45,0,0,0,0,0,0,0,0,GK,0.0,0.0,0.0,0.0,0.0,0.0,0.0,0.0
2169,Ionuț Radu,RO ROU,GK,Celta Vigo,La Liga,28.0,1997.0,38,38,3420,38.0,0,0,0,0,0,0,2,0,0.0,48.0,1.26,151.0,111.0,72.2,14.0,12.0,12.0,10.0,26.3,6.0,2.0,3.0,0,0,,0.0,0.0,,,90,100.0,90.0,38,0,,0,1.42,53,48,5,0.13,,0,0,8,0,0,1,0,0,GK,0.0,0.0,0.0,0.0,0.21052631578947367,0.02631578947368421,0.0,0.0
2174,Diant Ramaj,DE GER,GK,Heidenheim,Bundesliga,24.0,2001.0,31,31,2790,31.0,0,1,1,0,0,0,2,0,0.03,67.0,2.16,162.0,100.0,61.7,5.0,8.0,18.0,1.0,3.2,5.0,0.0,1.0,0,0,,0.0,0.0,,,90,91.2,90.0,31,0,,2,0.74,38,67,-29,-0.94,-0.27,0,2,2,0,0,0,0,0,GK,0.0,0.03225806451612903,0.03225806451612903,0.06451612903225806,0.06451612903225806,0.0,0.0,0.0
2179,Aaron Ramsdale,ENG ENG,GK,Newcastle United,Premier League,28.0,1998.0,12,11,1004,11.2,0,0,0,0,0,0,2,0,0.0,17.0,1.52,38.0,24.0,63.2,4.0,2.0,5.0,1.0,9.1,3.0,0.0,0.0,0,0,,0.0,0.0,,,84,29.4,90.0,11,1,14.0,26,1.17,16,17,-1,-0.09,-0.05,0,0,1,0,0,0,0,0,GK,0.0,0.0,0.0,0.0,0.08928571428571429,0.0,0.0,0.0
2194,Federico Ravaglia,IT ITA,GK,Bologna,Serie A,26.0,1999.0,17,16,1470,16.3,0,0,0,0,0,0,4,0,0.0,29.0,1.78,79.0,52.0,65.8,4.0,3.0,9.0,2.0,12.5,2.0,0.0,0.0,0,0,,0.0,0.0,,,86,43.0,90.0,16,1,30.0,20,0.88,16,29,-13,-0.8,-1.53,0,2,3,0,0,0,1,0,GK,0.0,0.0,0.0,0.12269938650306748,0.18404907975460122,0.0,0.06134969325153374,0.0
2195,David Raya,ES ESP,GK,Arsenal,Premier League,30.0,1995.0,37,37,3330,37.0,0,0,0,0,0,0,1,0,0.0,26.0,0.7,86.0,59.0,69.8,25.0,7.0,5.0,19.0,51.4,0.0,0.0,0.0,0,0,,0.0,0.0,,,90,97.4,90.0,37,0,,0,2.22,69,26,43,1.16,0.16,0,0,14,0,1,1,1,0,GK,0.0,0.0,0.0,0.0,0.3783783783783784,0.02702702702702703,0.02702702702702703,0.02702702702702703
2207,Álex Remiro,ES ESP,GK,Real Sociedad,La Liga,31.0,1995.0,37,37,3330,37.0,0,0,0,0,0,0,1,0,0.0,60.0,1.62,154.0,99.0,64.3,11.0,12.0,14.0,3.0,8.1,5.0,0.0,0.0,0,0,,0.0,0.0,,,90,97.4,90.0,37,0,,0,1.22,58,60,-2,-0.05,-0.05,0,0,7,1,0,1,1,1,GK,0.0,0.0,0.0,0.0,0.1891891891891892,0.02702702702702703,0.02702702702702703,0.0
2209,Guillaume Restes,FR FRA,GK,Toulouse,Ligue 1,21.0,2005.0,33,33,2939,32.7,0,0,0,0,0,0,3,0,0.0,45.0,1.38,124.0,84.0,67.7,12.0,8.0,13.0,9.0,27.3,5.0,0.0,0.0,0,0,,0.0,0.0,,,89,99.0,89.0,32,0,,0,1.29,46,45,1,0.03,0.03,0,0,8,0,0,1,0,0,GK,0.0,0.0,0.0,0.0,0.24464831804281342,0.030581039755351678,0.0,0.0
2225,Lasse Rieß,DE GER,GK,Mainz 05,Bundesliga,24.0,2001.0,4,3,292,3.2,0,0,0,0,0,0,0,0,0.0,12.0,3.7,26.0,15.0,57.7,0.0,0.0,3.0,0.0,0.0,1.0,0.0,0.0,0,0,,0.0,0.0,,,73,9.5,90.0,3,1,22.0,26,0.0,3,12,-9,-2.77,-2.77,0,0,1,0,0,0,0,0,GK,0.0,0.0,0.0,0.0,0.3125,0.0,0.0,0.0
2227,Filippo Rinaldi,IT ITA,GK,Parma,Serie A,23.0,2002.0,1,1,90,1.0,0,0,0,0,0,0,1,0,0.0,0.0,0.0,4.0,4.0,100.0,0.0,1.0,0.0,1.0,100.0,0.0,0.0,0.0,0,0,,0.0,0.0,,,90,2.6,90.0,1,0,,35,1.0,0,0,0,0.0,0.49,0,0,0,0,0,0,0,0,GK,0.0,0.0,0.0,0.0,0.0,0.0,0.0,0.0
2231,Robin Risser,FR FRA,GK,Lens,Ligue 1,21.0,2004.0,33,33,2970,33.0,0,1,1,0,0,0,2,0,0.03,35.0,1.06,106.0,76.0,69.8,21.0,4.0,8.0,11.0,33.3,3.0,2.0,1.0,0,0,,0.0,0.0,,,90,97.1,90.0,33,0,,1,2.03,62,35,27,0.82,-3.18,0,0,5,0,0,0,0,0,GK,0.0,0.030303030303030304,0.030303030303030304,0.0,0.15151515151515152,0.0,0.0,0.0
2254,Robin Roefs,NL NED,GK,Sunderland,Premier League,23.0,2003.0,35,35,3150,35.0,0,0,0,0,0,0,4,0,0.0,46.0,1.31,151.0,108.0,70.9,12.0,12.0,11.0,10.0,28.6,2.0,1.0,0.0,0,0,,0.0,0.0,,,90,92.1,90.0,35,0,,0,1.37,39,46,-7,-0.2,-0.53,0,0,14,0,0,0,0,0,GK,0.0,0.0,0.0,0.0,0.4,0.0,0.0,0.0
2260,Leo Román,ES ESP,GK,Mallorca,La Liga,25.0,2000.0,33,33,2970,33.0,0,0,0,0,0,0,4,0,0.0,50.0,1.52,142.0,99.0,69.0,10.0,7.0,16.0,4.0,12.1,6.0,1.0,1.0,0,0,,0.0,0.0,,,90,86.8,90.0,33,0,,0,1.12,43,50,-7,-0.21,0.39,0,1,2,0,0,1,1,0,GK,0.0,0.0,0.0,0.030303030303030304,0.06060606060606061,0.030303030303030304,0.030303030303030304,0.0
2292,Gerónimo Rulli,AR ARG,GK,Marseille,Ligue 1,34.0,1992.0,29,29,2610,29.0,0,0,0,0,0,0,3,0,0.0,34.0,1.17,105.0,76.0,72.4,15.0,5.0,9.0,8.0,27.6,5.0,0.0,1.0,1,0,0.0,0.03,0.0,0.0,,90,85.3,90.0,29,0,,3,1.77,53,35,18,0.62,0.62,0,1,14,0,0,0,0,0,GK,0.0,0.0,0.0,0.034482758620689655,0.4827586206896552,0.0,0.0,0.0
2296,Mathew Ryan,AU AUS,GK,Levante,La Liga,34.0,1992.0,36,36,3240,36.0,0,0,0,0,0,0,4,0,0.0,56.0,1.56,176.0,124.0,69.9,11.0,9.0,16.0,9.0,25.0,3.0,1.0,0.0,2,0,0.0,0.06,0.0,0.0,,90,94.7,90.0,36,0,,0,1.17,44,56,-12,-0.33,0.67,0,0,1,0,0,1,1,0,GK,0.0,0.0,0.0,0.0,0.027777777777777776,0.027777777777777776,0.027777777777777776,0.0
2298,Frederik Rønnow,DK DEN,GK,Union Berlin,Bundesliga,33.0,1992.0,30,30,2640,29.3,0,0,0,0,0,0,2,0,0.0,54.0,1.84,125.0,75.0,61.6,7.0,8.0,15.0,5.0,16.7,6.0,0.0,0.0,0,0,,0.0,0.0,,,88,86.3,88.0,29,0,,0,0.97,33,54,-21,-0.72,-2.22,0,1,3,0,0,1,1,0,GK,0.0,0.0,0.0,0.034129692832764506,0.10238907849829351,0.034129692832764506,0.034129692832764506,0.0
2300,José Sá,PT POR,GK,Wolves,Premier League,33.0,1993.0,23,23,2070,23.0,0,0,0,0,0,0,2,0,0.0,37.0,1.61,99.0,65.0,65.7,3.0,8.0,12.0,4.0,17.4,3.0,0.0,0.0,0,0,,0.0,0.0,,,90,60.5,90.0,23,0,,11,0.74,20,37,-17,-0.74,0.86,0,0,6,0,0,0,0,0,GK,0.0,0.0,0.0,0.0,0.2608695652173913,0.0,0.0,0.0
2310,Matvei Safonov,RU RUS,GK,Paris Saint-Germain,Ligue 1,27.0,1999.0,15,15,1350,15.0,0,0,0,0,0,0,0,0,0.0,14.0,0.93,53.0,40.0,73.6,11.0,0.0,4.0,8.0,53.3,0.0,1.0,0.0,0,0,,0.0,0.0,,,90,44.1,90.0,15,0,,15,2.2,38,14,24,1.6,0.49,0,0,1,0,0,0,0,0,GK,0.0,0.0,0.0,0.0,0.06666666666666667,0.0,0.0,0.0
2329,Brice Samba,FR FRA,GK,Rennes,Ligue 1,32.0,1994.0,32,32,2880,32.0,0,0,0,0,0,0,5,0,0.0,44.0,1.37,123.0,84.0,67.5,17.0,8.0,7.0,10.0,31.3,4.0,2.0,0.0,0,0,,0.0,0.0,,,90,94.1,90.0,32,0,,0,1.84,57,44,13,0.41,2.41,0,1,7,0,0,0,1,0,GK,0.0,0.0,0.0,0.03125,0.21875,0.0,0.03125,0.0
2339,Robert Sánchez,ES ESP,GK,Chelsea,Premier League,28.0,1997.0,35,35,3039,33.8,0,1,1,0,0,0,3,1,0.03,49.0,1.45,145.0,97.0,67.6,13.0,8.0,14.0,9.0,25.7,2.0,0.0,0.0,0,0,,0.0,0.0,,,87,88.9,87.0,33,0,,1,1.34,50,47,3,0.09,-0.62,0,2,13,0,0,1,0,0,GK,0.0,0.02958579881656805,0.02958579881656805,0.0591715976331361,0.38461538461538464,0.02958579881656805,0.0,0.0
2360,Kauã Santos,BR BRA,GK,Eintracht Frankfurt,Bundesliga,23.0,2003.0,13,13,1084,12.0,0,0,0,0,0,0,0,0,0.0,32.0,2.66,68.0,37.0,54.4,3.0,4.0,6.0,2.0,15.4,1.0,0.0,0.0,0,0,,0.0,0.0,,,83,35.4,83.0,12,0,,12,1.0,27,32,-5,-0.42,-0.46,0,0,3,0,0,0,1,0,GK,0.0,0.0,0.0,0.0,0.25,0.0,0.08333333333333333,0.0
2375,Razvan Sava,RO ROU,GK,Udinese,Serie A,23.0,2002.0,7,6,620,6.9,0,0,0,0,0,0,1,0,0.0,14.0,2.03,28.0,14.0,50.0,2.0,2.0,2.0,1.0,16.7,0.0,0.0,0.0,0,0,,0.0,0.0,,,89,18.1,90.0,6,1,80.0,27,1.14,7,14,-7,-1.02,-1.14,0,0,0,0,0,0,0,0,GK,0.0,0.0,0.0,0.0,0.0,0.0,0.0,0.0
2399,Marvin Schwäbe,DE GER,GK,Köln,Bundesliga,31.0,1995.0,34,34,3060,34.0,0,0,0,0,0,0,2,0,0.0,63.0,1.85,148.0,92.0,60.8,7.0,11.0,16.0,3.0,8.8,5.0,2.0,0.0,0,0,,0.0,0.0,,,90,100.0,90.0,34,0,,0,0.94,49,63,-14,-0.41,,0,1,4,0,0,3,1,0,GK,0.0,0.0,0.0,0.029411764705882353,0.11764705882352941,0.08823529411764706,0.029411764705882353,0.0
2402,Simone Scuffet,IT ITA,GK,Pisa,Serie A,29.0,1996.0,7,7,630,7.0,0,0,0,0,0,0,0,0,0.0,15.0,2.14,26.0,14.0,53.8,0.0,3.0,4.0,1.0,14.3,3.0,0.0,0.0,0,0,,0.0,0.0,,,90,18.4,90.0,7,0,,25,0.43,6,15,-9,-1.29,-0.12,0,0,4,0,0,0,0,0,GK,0.0,0.0,0.0,0.0,0.5714285714285714,0.0,0.0,0.0
2410,Matz Sels,BE BEL,GK,Nottingham Forest,Premier League,34.0,1992.0,31,30,2668,29.6,0,0,0,0,0,0,2,0,0.0,39.0,1.32,127.0,93.0,72.4,10.0,10.0,10.0,7.0,23.3,4.0,1.0,0.0,0,0,,0.0,0.0,,,86,78.0,89.0,29,1,13.0,3,1.29,42,39,3,0.1,0.82,0,0,4,0,0,0,1,0,GK,0.0,0.0,0.0,0.0,0.13513513513513511,0.0,0.03378378378378378,0.0
2413,Adrian Šemper,HR CRO,GK,Pisa,Serie A,28.0,1998.0,25,25,2250,25.0,0,0,0,0,0,0,0,0,0.0,42.0,1.68,122.0,82.0,67.2,1.0,9.0,15.0,4.0,16.0,2.0,0.0,0.0,0,0,,0.0,0.0,,,90,65.8,90.0,25,0,,8,0.48,16,42,-26,-1.04,0.42,0,0,6,0,0,0,0,0,GK,0.0,0.0,0.0,0.0,0.24,0.0,0.0,0.0
2430,Mathys Silestrie,FR FRA,GK,Rennes,Ligue 1,20.0,2005.0,2,2,180,2.0,0,0,0,0,0,0,0,0,0.0,6.0,3.0,14.0,8.0,57.1,0.0,0.0,2.0,0.0,0.0,0.0,0.0,0.0,0,0,,0.0,0.0,,,90,5.9,90.0,2,0,,29,0.0,2,6,-4,-2.0,-2.41,0,0,0,0,0,0,0,0,GK,0.0,0.0,0.0,0.0,0.0,0.0,0.0,0.0
2436,Marco Silvestri,IT ITA,GK,Cremonese,Serie A,35.0,1991.0,4,4,360,4.0,0,0,0,0,0,0,0,0,0.0,7.0,1.75,22.0,15.0,68.2,0.0,3.0,1.0,0.0,0.0,0.0,0.0,0.0,0,0,,0.0,0.0,,,90,10.5,90.0,4,0,,34,0.75,4,7,-3,-0.75,-0.1,0,0,0,0,0,0,0,0,GK,0.0,0.0,0.0,0.0,0.0,0.0,0.0,0.0
2441,Unai Simón,ES ESP,GK,Athletic Club,La Liga,28.0,1997.0,37,37,3330,37.0,0,0,0,0,0,0,1,0,0.0,54.0,1.46,146.0,97.0,65.1,13.0,6.0,18.0,6.0,16.2,3.0,2.0,1.0,0,0,,0.0,0.0,,,90,97.4,90.0,37,0,,1,1.22,41,54,-13,-0.35,1.65,0,0,8,0,0,0,0,0,GK,0.0,0.0,0.0,0.0,0.21621621621621623,0.0,0.0,0.0
2449,Antonio Sivera,ES ESP,GK,Alavés,La Liga,29.0,1996.0,38,38,3420,38.0,0,0,0,0,0,0,3,0,0.0,56.0,1.47,148.0,97.0,65.5,11.0,10.0,17.0,5.0,13.2,5.0,0.0,0.0,0,0,,0.0,0.0,,,90,100.0,90.0,38,0,,0,1.13,44,56,-12,-0.32,,0,1,1,0,0,0,1,1,GK,0.0,0.0,0.0,0.02631578947368421,0.02631578947368421,0.0,0.02631578947368421,0.0
2455,Łukasz Skorupski,PL POL,GK,Bologna,Serie A,35.0,1991.0,19,19,1592,17.7,0,0,0,0,0,0,1,1,0.0,18.0,1.02,49.0,33.0,67.3,10.0,4.0,5.0,8.0,42.1,2.0,0.0,0.0,0,0,,0.0,0.0,,,84,46.5,84.0,17,0,,4,1.79,26,15,11,0.62,1.02,0,1,8,0,0,0,0,0,GK,0.0,0.0,0.0,0.05649717514124294,0.4519774011299435,0.0,0.0,0.0
2475,Daniele Sommariva,IT ITA,GK,Genoa,Serie A,28.0,1997.0,2,1,176,2.0,0,0,0,0,0,0,0,0,0.0,4.0,2.05,12.0,8.0,66.7,0.0,0.0,1.0,0.0,0.0,0.0,0.0,0.0,0,0,,0.0,0.0,,,88,5.1,90.0,1,1,86.0,35,0.0,1,4,-3,-1.53,-1.34,0,0,1,0,0,0,0,0,GK,0.0,0.0,0.0,0.0,0.5,0.0,0.0,0.0
2476,Yann Sommer,CH SUI,GK,Inter,Serie A,37.0,1988.0,33,33,2960,32.9,0,0,0,0,0,0,0,0,0.0,30.0,0.91,91.0,64.0,71.4,23.0,5.0,5.0,15.0,45.5,4.0,0.0,0.0,0,0,,0.0,0.0,,,90,86.5,90.0,32,0,,5,2.24,76,30,46,1.4,-0.17,0,0,2,0,0,0,0,0,GK,0.0,0.0,0.0,0.0,0.060790273556231005,0.0,0.0,0.0
2478,David Soria,ES ESP,GK,Getafe,La Liga,33.0,1993.0,38,38,3420,38.0,0,0,0,0,0,0,2,0,0.0,38.0,1.0,151.0,115.0,75.5,15.0,6.0,17.0,12.0,31.6,1.0,2.0,1.0,0,0,,0.0,0.0,,,90,100.0,90.0,38,0,,0,1.34,32,38,-6,-0.16,,0,0,3,0,0,0,0,0,GK,0.0,0.0,0.0,0.0,0.07894736842105263,0.0,0.0,0.0
2493,Marco Sportiello,IT ITA,GK,Atalanta,Serie A,34.0,1992.0,1,1,90,1.0,0,0,0,0,0,0,0,0,0.0,1.0,1.0,4.0,3.0,75.0,0.0,1.0,0.0,0.0,0.0,0.0,0.0,0.0,0,0,,0.0,0.0,,,90,2.6,90.0,1,0,,37,1.0,1,1,0,0.0,-0.41,0,0,0,0,0,0,0,0,GK,0.0,0.0,0.0,0.0,0.0,0.0,0.0,0.0
2531,Zion Suzuki,JP JPN,GK,Parma,Serie A,23.0,2002.0,20,20,1800,20.0,0,0,0,0,0,0,1,0,0.0,28.0,1.4,90.0,65.0,71.1,3.0,7.0,10.0,5.0,25.0,2.0,1.0,0.0,0,0,,0.0,0.0,,,90,52.6,90.0,20,0,,3,0.8,14,28,-14,-0.7,-0.48,0,0,4,0,0,0,0,0,GK,0.0,0.0,0.0,0.0,0.2,0.0,0.0,0.0
2534,Mile Svilar,RS SRB,GK,Roma,Serie A,26.0,1999.0,38,38,3420,38.0,0,0,0,0,0,0,0,0,0.0,31.0,0.82,137.0,107.0,78.1,23.0,4.0,11.0,18.0,47.4,1.0,0.0,0.0,0,0,,0.0,0.0,,,90,100.0,90.0,38,0,,0,1.92,59,31,28,0.74,,0,0,8,0,0,1,1,0,GK,0.0,0.0,0.0,0.0,0.21052631578947367,0.02631578947368421,0.02631578947368421,0.0
2540,Wojciech Szczęsny,PL POL,GK,Barcelona,La Liga,36.0,1990.0,8,8,720,8.0,0,0,0,0,0,0,0,0,0.0,15.0,1.87,35.0,22.0,60.0,4.0,0.0,4.0,0.0,0.0,1.0,1.0,0.0,0,0,,0.0,0.0,,,90,21.1,90.0,8,0,,27,1.5,14,15,-1,-0.12,-2.12,0,0,0,0,0,0,0,0,GK,0.0,0.0,0.0,0.0,0.0,0.0,0.0,0.0
2554,Sander Tangvik,NO NOR,GK,Hamburger SV,Bundesliga,23.0,2002.0,1,1,90,1.0,0,0,0,0,0,0,0,0,0.0,1.0,1.0,6.0,6.0,83.3,0.0,1.0,0.0,0.0,0.0,0.0,1.0,0.0,0,0,,0.0,0.0,,,90,2.9,90.0,1,0,,15,1.0,1,1,0,0.0,0.42,0,0,1,0,0,0,0,0,GK,0.0,0.0,0.0,0.0,1.0,0.0,0.0,0.0
2570,Arnau Tenas,ES ESP,GK,Villarreal,La Liga,24.0,2001.0,10,10,900,10.0,0,0,0,0,0,0,0,0,0.0,16.0,1.6,44.0,30.0,68.2,4.0,3.0,3.0,0.0,0.0,2.0,0.0,0.0,0,0,,0.0,0.0,,,90,26.3,90.0,10,0,,26,1.5,21,16,5,0.5,-0.25,0,0,1,0,0,0,1,0,GK,0.0,0.0,0.0,0.0,0.1,0.0,0.1,0.0
2571,Marc-André ter Stegen,DE GER,GK,Girona,La Liga,34.0,1992.0,2,2,180,2.0,0,0,0,0,0,0,0,0,0.0,2.0,1.0,6.0,4.0,66.7,0.0,1.0,1.0,0.0,0.0,0.0,0.0,0.0,0,0,,0.0,0.0,,,90,5.3,90.0,2,0,,0,0.5,1,2,-1,-0.5,-0.08,0,0,0,0,0,0,0,0,GK,0.0,0.0,0.0,0.0,0.0,0.0,0.0,0.0
2573,Pietro Terracciano,IT ITA,GK,Milan,Serie A,36.0,1990.0,2,1,125,1.4,0,0,0,0,0,0,0,0,0.0,0.0,0.0,4.0,4.0,100.0,1.0,0.0,0.0,2.0,200.0,0.0,0.0,0.0,0,0,,0.0,0.0,,,63,3.7,90.0,1,1,35.0,34,3.0,4,0,4,2.88,2.5,0,0,0,0,0,0,0,0,GK,0.0,0.0,0.0,0.0,0.0,0.0,0.0,0.0
2621,James Trafford,ENG ENG,GK,Manchester City,Premier League,23.0,2002.0,4,4,360,4.0,0,0,0,0,0,0,0,0,0.0,6.0,1.5,19.0,14.0,73.7,1.0,0.0,3.0,1.0,25.0,1.0,0.0,0.0,0,0,,0.0,0.0,,,90,10.5,90.0,4,0,,34,0.75,6,6,0,0.0,-1.24,0,0,1,0,0,0,1,0,GK,0.0,0.0,0.0,0.0,0.25,0.0,0.25,0.0
2629,Kevin Trapp,DE GER,GK,Paris FC,Ligue 1,35.0,1990.0,22,22,1980,22.0,0,0,0,0,0,0,2,0,0.0,29.0,1.32,80.0,56.0,71.3,8.0,8.0,6.0,7.0,31.8,6.0,1.0,1.0,0,0,,0.0,0.0,,,90,64.7,90.0,22,0,,11,1.45,29,29,0,0.0,0.25,0,0,6,0,0,1,0,0,GK,0.0,0.0,0.0,0.0,0.2727272727272727,0.045454545454545456,0.0,0.0
2644,Stefano Turati,IT ITA,GK,Sassuolo,Serie A,24.0,2001.0,6,6,532,5.9,0,0,0,0,0,0,0,0,0.0,7.0,1.18,22.0,15.0,68.2,2.0,1.0,3.0,2.0,33.3,0.0,0.0,0.0,0,0,,0.0,0.0,,,89,15.6,89.0,5,0,,25,1.17,6,7,-1,-0.17,-0.08,0,0,1,0,0,1,0,0,GK,0.0,0.0,0.0,0.0,0.1694915254237288,0.1694915254237288,0.0,0.0
2655,Sven Ulreich,DE GER,GK,Bayern Munich,Bundesliga,37.0,1988.0,1,1,90,1.0,0,0,0,0,0,0,1,0,0.0,1.0,1.0,7.0,6.0,85.7,0.0,1.0,0.0,0.0,0.0,0.0,0.0,0.0,0,0,,0.0,0.0,,,90,2.9,90.0,1,0,,11,1.0,1,1,0,0.0,-2.61,0,0,1,0,0,0,0,0,GK,0.0,0.0,0.0,0.0,1.0,0.0,0.0,0.0
2660,Jonas Urbig,DE GER,GK,Bayern Munich,Bundesliga,22.0,2003.0,14,11,1111,12.3,0,0,0,0,0,0,0,0,0.0,15.0,1.22,46.0,32.0,69.6,9.0,1.0,1.0,6.0,54.5,1.0,0.0,1.0,0,0,,0.0,0.0,,,79,36.3,90.0,11,3,40.0,17,2.64,40,15,25,2.03,-0.79,0,0,2,0,0,0,0,0,GK,0.0,0.0,0.0,0.0,0.16260162601626016,0.0,0.0,0.0
2664,Hákon Valdimarsson,IS ISL,GK,Brentford,Premier League,24.0,2001.0,1,1,90,1.0,0,0,0,0,0,0,0,0,0.0,3.0,3.0,4.0,1.0,25.0,1.0,0.0,0.0,0.0,0.0,0.0,0.0,0.0,0,0,,0.0,0.0,,,90,2.6,90.0,1,0,,37,3.0,4,3,1,1.0,0.95,0,0,0,0,0,0,0,0,GK,0.0,0.0,0.0,0.0,0.0,0.0,0.0,0.0
2672,Álvaro Vallés,ES ESP,GK,Real Betis,La Liga,28.0,1997.0,28,28,2520,28.0,0,0,0,0,0,0,1,0,0.0,36.0,1.29,118.0,87.0,72.9,10.0,13.0,5.0,8.0,28.6,4.0,1.0,1.0,0,0,,0.0,0.0,,,90,73.7,90.0,28,0,,10,1.54,44,36,8,0.29,-0.01,0,0,4,0,0,1,0,0,GK,0.0,0.0,0.0,0.0,0.14285714285714285,0.03571428571428571,0.0,0.0
2679,Maarten Vandevoordt,BE BEL,GK,RB Leipzig,Bundesliga,24.0,2002.0,12,11,1052,11.7,0,0,0,0,0,0,0,0,0.0,15.0,1.28,44.0,30.0,65.9,8.0,1.0,2.0,2.0,18.2,0.0,1.0,0.0,0,0,,0.0,0.0,,,88,34.4,90.0,11,1,62.0,22,2.17,25,15,10,0.86,0.45,0,0,1,0,0,0,0,0,GK,0.0,0.0,0.0,0.0,0.08547008547008547,0.0,0.0,0.0
2684,Nikola Vasilj,BA BIH,GK,St Pauli,Bundesliga,30.0,1995.0,34,34,3060,34.0,0,0,0,0,0,0,0,0,0.0,60.0,1.76,178.0,123.0,68.0,6.0,8.0,20.0,5.0,14.7,3.0,2.0,1.0,0,0,,0.0,0.0,,,90,100.0,90.0,34,0,,0,0.76,29,60,-31,-0.91,,0,0,1,0,0,1,1,1,GK,0.0,0.0,0.0,0.0,0.029411764705882353,0.029411764705882353,0.029411764705882353,0.0
2705,Bart Verbruggen,NL NED,GK,Brighton,Premier League,23.0,2002.0,38,38,3420,38.0,0,0,0,0,0,0,3,0,0.0,46.0,1.21,145.0,103.0,71.7,14.0,11.0,13.0,10.0,26.3,5.0,1.0,0.0,0,0,,0.0,0.0,,,90,100.0,90.0,38,0,,0,1.39,52,46,6,0.16,,0,2,2,0,0,0,1,1,GK,0.0,0.0,0.0,0.05263157894736842,0.05263157894736842,0.0,0.02631578947368421,0.0
2712,Guglielmo Vicario,IT ITA,GK,Tottenham Hotspur,Premier League,29.0,1996.0,31,31,2790,31.0,0,0,0,0,0,0,1,0,0.0,50.0,1.61,131.0,83.0,63.4,7.0,9.0,15.0,7.0,22.6,2.0,0.0,0.0,0,0,,0.0,0.0,,,90,81.6,90.0,31,0,,2,0.97,40,50,-10,-0.32,-0.47,0,0,3,0,0,0,1,0,GK,0.0,0.0,0.0,0.0,0.0967741935483871,0.0,0.03225806451612903,0.0
2725,Odysseas Vlachodimos,GR GRE,GK,Sevilla,La Liga,32.0,1994.0,33,33,2970,33.0,0,0,0,0,0,0,1,0,0.0,52.0,1.58,131.0,88.0,66.4,11.0,6.0,16.0,5.0,15.2,8.0,1.0,1.0,0,0,,0.0,0.0,,,90,86.8,90.0,33,0,,3,1.18,39,52,-13,-0.39,-0.19,0,0,2,0,0,1,0,0,GK,0.0,0.0,0.0,0.0,0.06060606060606061,0.030303030303030304,0.0,0.0
2751,Max Weiß,DE GER,GK,Burnley,Premier League,21.0,2004.0,3,3,270,3.0,0,0,0,0,0,0,0,0,0.0,4.0,1.33,13.0,10.0,76.9,0.0,2.0,1.0,0.0,0.0,1.0,0.0,0.0,0,0,,0.0,0.0,,,90,7.9,90.0,3,0,,35,0.67,3,4,-1,-0.33,0.7,0,0,0,0,0,0,0,0,GK,0.0,0.0,0.0,0.0,0.0,0.0,0.0,0.0
2779,Freddie Woodman,ENG ENG,GK,Liverpool,Premier League,29.0,1997.0,3,2,213,2.4,0,0,0,0,0,0,0,0,0.0,4.0,1.69,13.0,9.0,69.2,1.0,0.0,1.0,0.0,0.0,0.0,0.0,0.0,0,0,,0.0,0.0,,,71,6.2,90.0,2,1,33.0,16,2.0,6,4,2,0.85,0.62,0,0,0,0,0,0,0,0,GK,0.0,0.0,0.0,0.0,0.0,0.0,0.0,0.0
2800,Gioele Zacchi,IT ITA,GK,Sassuolo,Serie A,22.0,2003.0,1,0,8,0.1,0,0,0,0,0,0,0,0,0.0,0.0,0.0,0.0,0.0,,0.0,0.0,0.0,0.0,,0.0,0.0,0.0,0,0,,0.0,0.0,,,8,0.2,,0,1,8.0,33,0.0,0,0,0,0.0,0.11,0,0,0,0,0,0,0,0,GK,0.0,0.0,0.0,0.0,0.0,0.0,0.0,0.0
2820,Robin Zentner,DE GER,GK,Mainz 05,Bundesliga,31.0,1994.0,10,10,876,9.7,0,0,0,0,0,0,2,1,0.0,14.0,1.44,45.0,31.0,68.9,1.0,3.0,6.0,0.0,0.0,0.0,0.0,0.0,0,0,,0.0,0.0,,,88,28.6,88.0,9,0,,3,0.6,9,14,-5,-0.51,-0.35,0,2,1,0,0,0,0,0,GK,0.0,0.0,0.0,0.2061855670103093,0.10309278350515465,0.0,0.0,0.0
2823,Michael Zetterer,DE GER,GK,Eintracht Frankfurt,Bundesliga,30.0,1995.0,22,21,1976,22.0,0,0,0,0,0,0,1,0,0.0,33.0,1.5,93.0,62.0,66.7,8.0,7.0,6.0,6.0,28.6,2.0,0.0,0.0,0,0,,0.0,0.0,,,90,64.6,90.0,21,1,86.0,12,1.55,34,33,1,0.05,0.46,0,0,6,0,0,1,1,0,GK,0.0,0.0,0.0,0.0,0.2727272727272727,0.045454545454545456,0.045454545454545456,0.0
2827,Melvin Zinga,FR FRA,GK,Angers,Ligue 1,24.0,2002.0,3,2,222,2.5,0,0,0,0,0,0,0,0,0.0,5.0,2.03,13.0,8.0,61.5,0.0,0.0,2.0,0.0,0.0,0.0,0.0,0.0,0,0,,0.0,0.0,,,74,7.3,90.0,2,1,42.0,21,0.33,3,5,-2,-0.81,-0.27,0,0,0,0,0,0,1,0,GK,0.0,0.0,0.0,0.0,0.0,0.0,0.4,0.0
